_id,contract_id,contract_type,project_number,project_name,status,operation_number,operation_type_cd,operation_type_name,operation_country_code,operation_country_name,oper_unit_cd,division_cd,department_cd,economic_sector_name,procurement_type,idb_amount,total_amount,borrower_cd,borrower_name,executor_cd,executing_agency,awarded_firm_country_code,awarded_firm_country_name,awarded_firm_city,awarded_firm_address,awarded_firm_name,contract_year,signature_date,entry_date,last_modification_date,start_date,stop_date,source
1249194,SUB0904,Non-Consulting Services,SU-L1054,Health Services Improvement Project,ACTIVE,4593/OC-SU,LON,Loan Operation,SU,SURINAME,SCL/HNP,HNP,SCL,HEALTH SYSTEM STRENGTHENING,Direct Contracting/Selection,109400,109400.0,SU-SU,REPUBLIC OF SURINAME  ,SU-MH,MINISTRY OF HEALTH  ,CN,CHINA,TIANJIN,"F-721, H--TECH INFORMATION PLAZA #8 HUATIAN AVENUE",TIANJIN YORKOOL INT TRADI,2021,2021-11-19 00:00:00.000000000,2021-11-24 23:42:41.000000000,2021-11-24 23:42:41.000000000,"","",prism_goods
1251207,TTA1788,Goods,TT-L1039,Health Services Support Program,ACTIVE,3411/OC-TT,LON,Loan Operation,TT,TRINIDAD AND TOBAGO,SCL/HNP,HNP,SCL,HEALTH SYSTEM STRENGTHENING,Direct Contracting/Selection,290000,290000.0,TT-TT,TRINIDAD AND TOBAGO  ,TT-MH,MINISTRY OF HEALTH  ,CN,CHINA,TAI PO. N.T,"16 DAI FUI STREET, TAI PO INDUSTRIAL ESTATE",BGI HEALTH (HK) CO. LTD,2020,2020-03-06 00:00:00.000000000,2020-04-08 12:56:27.000000000,2020-04-08 13:21:53.000000000,"","",prism_goods
1252222,BO-L1190-P00071-C02,Goods,BO-L1190,Electricity Infrastructure Expansion Program,ACTIVE,4633/BL-BO-1,LON,Loan Operation,BO,BOLIVIA,INE/ENE,ENE,INE,NEW POWER DISTRIBUTION & TRANSMISSION PROJECTS,International Competitive Bidding,609435,609435.16,BO-BO,ESTADO PLURINACIONAL DE BOLIVIA,BO-ENDE,EMPRESA NACIONAL DE ELECTRICIDAD,CN,CHINA,SAN IGNACIO DE VELASCO,"","SHANDONG RUITAI GLASS INSULATOR CO.,LTD",2025,2025-10-10 00:00:00.000000000,2025-10-31 15:59:20.595108500,2025-10-31 20:17:56.504999900,2025-10-28 00:00:00.000000000,2026-06-25 00:00:00.000000000,FI
1252372,SUA0378,Works,SU-L1055,Consolidating a Sustainable Energy Sector,ACTIVE,4931/OC-SU-1,LON,Loan Operation,SU,SURINAME,INE/ENE,ENE,INE,RURAL ELECTRIFICATION,International Competitive Bidding,689813,689813.0,SU-SU,REPUBLIC OF SURINAME  ,SU-EBS,NV ENERGIE BEDRIJVEN SURINAME,CN,CHINA,BEIJING CITY,SOUTH 4TH RING ROAD WEST FENGTAI DISTRICT,SINO SOAR HYBRID TECH CO,2023,2023-04-24 00:00:00.000000000,2023-04-24 14:37:56.000000000,2023-04-24 14:43:41.000000000,"","",prism_goods
1252490,BO-L1190-P00064-C01,Goods,BO-L1190,Electricity Infrastructure Expansion Program,ACTIVE,4633/BL-BO-1,LON,Loan Operation,BO,BOLIVIA,INE/ENE,ENE,INE,NEW POWER DISTRIBUTION & TRANSMISSION PROJECTS,International Competitive Bidding,782353,782352.85,BO-BO,ESTADO PLURINACIONAL DE BOLIVIA,BO-ENDE,EMPRESA NACIONAL DE ELECTRICIDAD,CN,CHINA,Almacenes de San Ignacio de Velasco y Los Troncos,"","SHENZHEN SDG INFORMATION CO., LTD.",2025,2025-04-04 00:00:00.000000000,2025-05-07 20:15:33.572756900,2025-11-21 13:40:59.470975400,2025-05-08 00:00:00.000000000,2026-04-08 00:00:00.000000000,FI
1252622,SU-L1055-P00039-C01,Works,SU-L1055,Consolidating a Sustainable Energy Sector,ACTIVE,4931/OC-SU-1,LON,Loan Operation,SU,SURINAME,INE/ENE,ENE,INE,RURAL ELECTRIFICATION,International Competitive Bidding,869286,869286.27,SU-SU,REPUBLIC OF SURINAME,SU-EBS,NV ENERGIE BEDRIJVEN SURINAME,CN,CHINA,"Alliance, Commewijne","","Sino Soar Hybrid (Beijing) Technology Co.,Ltd.",2023,2023-04-07 00:00:00.000000000,2025-08-06 18:25:56.576415200,2026-02-17 15:44:11.898879300,2023-04-07 00:00:00.000000000,2024-01-12 00:00:00.000000000,FI
1252820,BO-L1190-P00071-C01,Goods,BO-L1190,Electricity Infrastructure Expansion Program,ACTIVE,4633/BL-BO-1,LON,Loan Operation,BO,BOLIVIA,INE/ENE,ENE,INE,NEW POWER DISTRIBUTION & TRANSMISSION PROJECTS,International Competitive Bidding,1048109,1048109.0,BO-BO,ESTADO PLURINACIONAL DE BOLIVIA,BO-ENDE,EMPRESA NACIONAL DE ELECTRICIDAD,CN,CHINA,SAN IGNACIO DE VELASCO,"","JIANGSU SHUANGHUI POWER DEVELOPMENT CO.,LTD.",2025,2025-10-10 00:00:00.000000000,2025-10-31 15:46:56.292090500,2025-10-31 20:17:18.233928900,2025-10-23 00:00:00.000000000,2026-06-01 00:00:00.000000000,FI
1253046,PN-L1154-P0049-C02,Goods,PN-L1154,Comprehensive urban urban development program with tourist vocations,ACTIVE,4944/OC-PN,LON,Loan Operation,PN,PANAMA,CSD/HUD,HUD,CSD,URBAN LAND PLANNING AND MANAGEMENT,International Competitive Bidding,1399300,1399300.0,PN-PN,REPUBLICA DE PANAMA,PN-PN-ATP,AUTORIDAD DE TURISMO PANAMA,CN,CHINA,"República de Panamá, Instalaciones de Transporte Masivo de Panamá, en el patio del El Chorrillo, Panamá","","YUTONG  BUS CO., LTD",2025,2025-04-07 00:00:00.000000000,2025-06-06 14:34:00.937400500,2025-08-18 19:47:22.573862700,2025-05-09 00:00:00.000000000,2026-07-09 00:00:00.000000000,FI
1253220,SU-L1055-P00038-C01,Works,SU-L1055,Consolidating a Sustainable Energy Sector,ACTIVE,4931/OC-SU-1,LON,Loan Operation,SU,SURINAME,INE/ENE,ENE,INE,RURAL ELECTRIFICATION,International Competitive Bidding,1778861,1778860.86,SU-SU,REPUBLIC OF SURINAME,SU-EBS,NV ENERGIE BEDRIJVEN SURINAME,CN,CHINA,"Brownsweg, Sipaliwini, Suriname","","Sino Soar Hybrid (Beijing) Technology Co.,Ltd.",2022,2022-11-23 00:00:00.000000000,2024-08-27 12:47:00.088630700,2026-02-19 11:47:26.119157800,2022-11-23 00:00:00.000000000,2024-03-22 00:00:00.000000000,FI
1253429,BA-L1012-P00017-C01,Goods,BA-L1012,Deployment of Cleaner Fuels and Renewable Energies in Barbados,ACTIVE,3843/OC-BA,LON,Loan Operation,BA,BARBADOS,INE/ENE,ENE,INE,ENERGY SECTOR REHABILITATION AND EFFICIENCY,International Competitive Bidding,2351703,2351703.3,BA-BA,BARBADOS,BA-NPC,NATIONAL PETROLEUM CORPORATION,CN,CHINA,"Woodbourne, St. Philip and Wildey, St. Michael","",INSTEC-Sino Soar Consortium,2025,2025-01-30 00:00:00.000000000,2025-03-25 14:29:36.422729600,2025-08-15 20:43:08.810682900,2025-01-30 00:00:00.000000000,2025-12-31 00:00:00.000000000,FI
1253471,SU-L1055-P00036-C02,Works,SU-L1055,Consolidating a Sustainable Energy Sector,ACTIVE,4931/OC-SU-1,LON,Loan Operation,SU,SURINAME,INE/ENE,ENE,INE,RURAL ELECTRIFICATION,International Competitive Bidding,2548146,2548146.0,SU-SU,REPUBLIC OF SURINAME,SU-EBS,NV ENERGIE BEDRIJVEN SURINAME,CN,CHINA,Johan &  Margaretha to plantation Bakkie.,"",Power China Jhianxi electric power contruction co. Ltd.,2023,2023-09-26 00:00:00.000000000,2024-09-09 18:40:31.724829100,2024-09-17 07:57:30.395202600,2023-12-14 00:00:00.000000000,2025-12-14 00:00:00.000000000,FI
1253665,SUA0332,Works,SU-L1046,Paramaribo Urban Rehabilitation Program,ACTIVE,3905/OC-SU,LON,Loan Operation,SU,SURINAME,CSD/HUD,HUD,CSD,URBAN REHABILITATION AND HERITAGE,International Competitive Bidding,3409251,3409251.0,SU-SU,REPUBLIC OF SURINAME  ,SU-MESC,MINISTRY OF EDUCATION SCIENCE AND CULTURE,CN,CHINA,CHANGSHA,NORTH BLDG WANJING CAIZHI CTR 208 2 SECTION XIANGFU EAST RD,THE 23RD METALLURGICAL CO,2019,2019-10-07 00:00:00.000000000,2019-10-24 08:58:27.000000000,2019-10-24 08:58:27.000000000,"","",prism_goods
1253941,TT-L1055-P00092-C01,Works,TT-L1055,Trinidad and Tobago National Water Sector Transformation Program,ACTIVE,5718/OC-TT,LON,Loan Operation,TT,TRINIDAD AND TOBAGO,INE/WSA,WSA,INE,WATER SUPPLY URBAN,International Competitive Bidding,5870462,5870462.39,TT-TT,TRINIDAD AND TOBAGO,TT-TT-MPU,MINISTRY OF PUBLIC UTILITIES,CN,CHINA,"One Alexandra Place, 1 Alexandra Street, Newtown, St. Clair","",SINOHYDRO Corporation Limited,2025,2025-01-31 00:00:00.000000000,2025-04-14 17:47:49.285234700,2025-04-17 20:34:05.956697100,2025-02-01 00:00:00.000000000,2026-07-26 00:00:00.000000000,FI
1253956,ECA2876,Goods,EC-L1223,Support for the Advancement of the Energy Matrix Transition in Ecuador,ACTIVE,4343/OC-EC,LON,Loan Operation,EC,ECUADOR,INE/ENE,ENE,INE,NEW POWER DISTRIBUTION & TRANSMISSION PROJECTS,International Competitive Bidding,5378722,6024168.0,EC-EC,REPUBLICA DE ECUADOR  ,EC-MERNNR,MINISTERIO DE ENERGIA Y MINAS MEM,CN,CHINA,ZHENGZHO,"EDIFICIO 46, # 37 ZHONGXING EFFICIENCY & ENVIRONMENTAL PROTE",HENAN DINGLI POWER EQUIPM,2021,2021-05-18 00:00:00.000000000,2021-08-31 17:10:25.000000000,2021-08-31 17:10:25.000000000,"","",prism_goods
1254035,ECA2877,Goods,EC-L1223,Support for the Advancement of the Energy Matrix Transition in Ecuador,ACTIVE,4343/OC-EC,LON,Loan Operation,EC,ECUADOR,INE/ENE,ENE,INE,NEW POWER DISTRIBUTION & TRANSMISSION PROJECTS,International Competitive Bidding,6483425,7261436.0,EC-EC,REPUBLICA DE ECUADOR  ,EC-MERNNR,MINISTERIO DE ENERGIA Y MINAS MEM,CN,CHINA,ZHENGZHO,"EDIFICIO 46, # 37 ZHONGXING EFFICIENCY & ENVIRONMENTAL PROTE",HENAN DINGLI POWER EQUIPM,2021,2021-05-18 00:00:00.000000000,2021-08-31 17:16:38.000000000,2021-08-31 17:16:38.000000000,"","",prism_goods
1254058,BO-L1190-P00019-C01,Goods,BO-L1190,Electricity Infrastructure Expansion Program,ACTIVE,4633/BL-BO-1,LON,Loan Operation,BO,BOLIVIA,INE/ENE,ENE,INE,NEW POWER DISTRIBUTION & TRANSMISSION PROJECTS,International Competitive Bidding,7725323,7725322.86,BO-BO,ESTADO PLURINACIONAL DE BOLIVIA,BO-ENDE,EMPRESA NACIONAL DE ELECTRICIDAD,CN,CHINA,SAN IGNACIO DE VELASCO,"",TBEA SHANDONG LUNENG TAISHAN CABLE CO. LTD,2024,2024-11-01 00:00:00.000000000,2025-07-22 14:47:55.170885000,2025-08-29 19:59:47.034112400,2024-11-19 00:00:00.000000000,2025-06-19 00:00:00.000000000,FI
1254065,SU-L1052-P00002-C01,Works,SU-L1052,Sustainable Agricultural Productivity Program,ACTIVE,4615/OC-SU,LON,Loan Operation,SU,SURINAME,PTI/ARD,ARD,PTI,IRRIGATION AND DRAINAGE,International Competitive Bidding,7789273,7789273.23,SU-SU,REPUBLIC OF SURINAME,SU-MA,"MINISTRY OF AGRICULTURE, ANIMAL HUSBANDRY AND FISHERIES",CN,CHINA,Nickerie District,"",Power China Jhianxi electric power contruction co. Ltd.,2024,2024-09-06 00:00:00.000000000,2024-09-26 00:15:07.844379300,2025-08-11 16:18:56.281737300,2024-10-07 00:00:00.000000000,2025-04-07 00:00:00.000000000,FI
1254072,PEA7986,Goods,PE-L1239,Improving Tax and Customs Revenue Collection Services Through Digital Transformation,ACTIVE,4725/OC-PE,LON,Loan Operation,PE,PERU,IFD/FMM,FMM,IFD,FISCAL POLICY FOR SUSTAINABILITY AND GROWTH,International Competitive Bidding,3871000,7900000.0,PE-PE,REPUBLICA DEL PERU,PE-SUNAT,SUPERINTENDENCIA NACIONAL ADMINISTRACIONTRIBUTARIA ,CN,CHINA,BEIJING,2/F BLOCK A TONGFANG BUILDING - CHINA,NUCTECH COMPANY LIMITED,2022,2022-03-14 00:00:00.000000000,2022-04-18 17:16:22.000000000,2022-04-18 17:16:22.000000000,"","",prism_goods
1254090,BO-L1190-P00042-C01,Goods,BO-L1190,Electricity Infrastructure Expansion Program,ACTIVE,4633/BL-BO-1,LON,Loan Operation,BO,BOLIVIA,INE/ENE,ENE,INE,NEW POWER DISTRIBUTION & TRANSMISSION PROJECTS,International Competitive Bidding,8309936,8309935.75,BO-BO,ESTADO PLURINACIONAL DE BOLIVIA,BO-ENDE,EMPRESA NACIONAL DE ELECTRICIDAD,CN,CHINA,SAN IGNACIO DE VELASCO,"",PINGGAO GROUP INTERNATIONAL ENGINEERING CO. LTD.,2024,2024-08-23 00:00:00.000000000,2025-07-22 15:45:40.590377500,2025-08-28 15:11:32.885858800,2024-09-06 00:00:00.000000000,2025-08-02 00:00:00.000000000,FI
1254226,SUA2213,Consulting Firms,SU-L1054,Health Services Improvement Project,ACTIVE,4593/OC-SU,LON,Loan Operation,SU,SURINAME,SCL/HNP,HNP,SCL,HEALTH SYSTEM STRENGTHENING,"",12845260,12845260.0,SU-SU,REPUBLIC OF SURINAME  ,SU-MH,MINISTRY OF HEALTH  ,CN,CHINA,CHANGSHA,XIANG FU ROAD 208,THE 23RD METALLURGICAL CONSTRUCTION GROUP,2023,2023-08-16 00:00:00.000000000,2023-08-29 20:32:01.000000000,2023-08-29 20:32:01.000000000,2023-08-16 00:00:00.000000000,2024-12-17 00:00:00.000000000,prism_cons
1254242,ECA2895,Non-Consulting Services,EC-L1257,Sustainable Management of Underground Resources and Associated Infrastructure,ACTIVE,4989/OC-EC,LON,Loan Operation,EC,ECUADOR,INE/ENE,ENE,INE,NEW OIL AND GAS AND EXTRACTIVE INDUSTRIES,International Competitive Bidding,13300000,13300000.0,EC-EC,REPUBLICA DE ECUADOR  ,EC-MERNNR,MINISTERIO DE ENERGIA Y MINAS MEM,CN,CHINA,QUITO,JUAN DE DIOS MARTÍNEZ MERA N34-250 Y E14,AVIC INT HOLDING CORP,2023,2023-12-27 00:00:00.000000000,2024-01-23 10:51:09.000000000,2024-01-23 10:51:09.000000000,"","",prism_goods
1254246,ECA2875,Goods,EC-L1223,Support for the Advancement of the Energy Matrix Transition in Ecuador,ACTIVE,4343/OC-EC,LON,Loan Operation,EC,ECUADOR,INE/ENE,ENE,INE,NEW POWER DISTRIBUTION & TRANSMISSION PROJECTS,International Competitive Bidding,12306226,13782973.0,EC-EC,REPUBLICA DE ECUADOR  ,EC-MERNNR,MINISTERIO DE ENERGIA Y MINAS MEM,CN,CHINA,QUITO,LUXEMBURGO N34-340 Y AV. PORTUGAL,CONSORCIOS LONGFOR,2021,2021-05-18 00:00:00.000000000,2021-08-31 17:04:20.000000000,2021-08-31 17:04:20.000000000,"","",prism_goods
1254297,SU-L1057-P00036-C01,Works,SU-L1057,Improving Transport Logistics and Competitiveness in Suriname,ACTIVE,4828/OC-SU,LON,Loan Operation,SU,SURINAME,INE/TSP,TSP,INE,PORT INFRASTRUCTURE,International Competitive Bidding,16689701,16689701.44,SU-SU,REPUBLIC OF SURINAME,SU-MPWTC,MINISTRY OF PUBLIC WORKS,CN,CHINA,Van 't Hogerhuysstraat,"",Joint Venture: China Road and Bridge Corporation & Kuldipsingh Infra NV,2023,2023-11-16 00:00:00.000000000,2024-10-09 19:11:54.653652900,2024-12-12 13:47:56.471784500,2024-01-26 00:00:00.000000000,2025-01-26 00:00:00.000000000,FI
1254354,GYB1390,Works,GY-L1080,Health Care Network Strengthening in Guyana,ACTIVE,5706/OC-GY,LON,Loan Operation,GY,GUYANA,SCL/HNP,HNP,SCL,HEALTH SYSTEM STRENGTHENING,National Competive Bidding,21269051,21269051.0,GY-GY,COOPERATIVE REPUBLIC OF GUYANA,GY-MOH,MINISTRY OF HEALTH  ,CN,CHINA,SICHUAN PROVINCE,"164 PUYANG ROAD, DUJIANGYAN CITY, CHENGDU CITY",PCI-SINOPHARMINTL CONSORT,2024,2024-12-17 00:00:00.000000000,2025-03-19 11:57:02.000000000,2025-03-19 11:57:02.000000000,"","",prism_goods
1254359,GY-G1007-P00003-C01,Works,GY-G1007,Guyana Utility Scale Solar Photovoltaic Program (Guysol),ACTIVE,GRT/NG-19288-GY,IGR,Investment Grants,GY,GUYANA,INE/ENE,ENE,INE,ENERGY EFFICIENCY AND RENEWABLE ENERGY IN END USE,International Competitive Bidding,22588888,22588888.0,GY-GY,COOPERATIVE REPUBLIC OF GUYANA,GY-GPL,"GUYANA POWER AND LIGHT, INC.",CN,CHINA,"Block 37 (Millie's Hideout), Retrieve, and Dacoura, LINDEN","",Joint Venture of SUMEC Complete Equipment & Engineering Co. Ltd and XJ Group Corporation,2025,2025-05-21 00:00:00.000000000,2025-09-09 18:32:46.445846100,2025-09-11 19:51:42.510494800,2025-07-21 00:00:00.000000000,2027-09-10 00:00:00.000000000,FI
1254395,GYB1389,Works,GY-L1080,Health Care Network Strengthening in Guyana,ACTIVE,5706/OC-GY,LON,Loan Operation,GY,GUYANA,SCL/HNP,HNP,SCL,HEALTH SYSTEM STRENGTHENING,National Competive Bidding,27429307,27429307.0,GY-GY,COOPERATIVE REPUBLIC OF GUYANA,GY-MOH,MINISTRY OF HEALTH  ,CN,CHINA,SICHUAN PROVINCE,"164 PUYANG ROAD, DUJIANGYAN CITY, CHENGDU CITY",PCI-SINOPHARMINTL CONSORT,2024,2024-12-17 00:00:00.000000000,2025-03-19 11:53:44.000000000,2025-03-19 11:53:44.000000000,"","",prism_goods
1254408,GYB1383,Works,GY-L1080,Health Care Network Strengthening in Guyana,ACTIVE,5706/OC-GY,LON,Loan Operation,GY,GUYANA,SCL/HNP,HNP,SCL,HEALTH SYSTEM STRENGTHENING,National Competive Bidding,31099200,31099200.0,GY-GY,COOPERATIVE REPUBLIC OF GUYANA,GY-MOH,MINISTRY OF HEALTH  ,CN,CHINA,BEIJING,"178 GUANGÁNMENWAI AVENUE, XICHENG DISTRICT",CMEC - SINOPHARMINTL CONS,2024,2024-11-05 00:00:00.000000000,2024-11-12 17:44:45.000000000,2024-11-12 17:44:45.000000000,"","",prism_goods
1254421,JA-L1049-P61395-C01,Works,JA-L1049,Support for the Health Systems Strengthening for the Prevention and Care Management of Non-Communicable Diseases Programme,ACTIVE,4668/OC-JA,LON,Loan Operation,JA,JAMAICA,SCL/HNP,HNP,SCL,HEALTH SYSTEM STRENGTHENING,International Competitive Bidding,29553445,35182672.02,JA-JA,JAMAICA,JA-MH,MINISTRY OF HEALTH AND WELLNESS,CN,CHINA,No data defined,"",Jiangsu Zhenhuai Construction Group Co. Ltd,2024,2024-01-16 18:31:00.000000000,2024-10-21 16:48:30.223333300,2025-08-21 22:45:41.988106000,2024-01-16 18:31:00.000000000,2026-12-31 18:31:00.000000000,FI
1254431,GYB1353,Works,GY-G1007,Guyana Utility Scale Solar Photovoltaic Program (Guysol),ACTIVE,GRT/NG-19288-GY,IGR,Investment Grants,GY,GUYANA,INE/ENE,ENE,INE,ENERGY EFFICIENCY AND RENEWABLE ENERGY IN END USE,International Competitive Bidding,37794412,37794412.0,GY-GY,COOPERATIVE REPUBLIC OF GUYANA,GY-GPL,"GUYANA POWER AND LIGHT, INC.",CN,CHINA,NANJING,CHANGJIANG RD,SUMEC COMPLETE EQUIPMENT,2024,2024-03-26 00:00:00.000000000,2024-06-03 15:19:50.000000000,2025-02-18 15:02:03.000000000,"","",prism_goods
1254432,GYB1008,Works,GY-L1031,Road Network Upgrade and Expansion Program,ACTIVE,2741/BL-GY-3,LON,Loan Operation,GY,GUYANA,CSD/HUD,HUD,CSD,TRANSPORT,International Competitive Bidding,38198002,38198002.0,GY-GY,COOPERATIVE REPUBLIC OF GUYANA,GY-MOPI,MINISTRY OF PUBLIC INFRASTRUCTURE,CN,CHINA,"BEIJING, 100048","22 CHEGONZHUANG WEST ROAD, HAIDIAN DISTRICT",SINOHYDRO CORPORATION LTD,2017,2017-12-11 00:00:00.000000000,2017-12-28 09:51:27.000000000,2023-11-29 08:25:45.000000000,"","",prism_goods
1254481,GYA0660,Works,GY-L1081,Program to Support Climate Resilient Road Infrastructure Development,ACTIVE,5629/OC-GY,LON,Loan Operation,GY,GUYANA,INE/TSP,TSP,INE,MAJOR HIGHWAYS,National Competive Bidding,75887908,75887908.0,GY-GY,COOPERATIVE REPUBLIC OF GUYANA,GY-MPW,MINISTRY OF PUBLIC WORKS  ,CN,CHINA,BEIJING,"ZHONGLU PLAZA, C88, ANDINGMENWAI DAJIE,",CHINA ROAD AND BRIDGE COR,2024,2024-02-22 00:00:00.000000000,2024-03-21 12:12:24.000000000,2024-09-17 14:54:47.000000000,"","",prism_goods
1254496,BOA6446,Works,BO-L1080,Multipurpose Water Supply and Irrigation Program For the Municipios of Batallas,ACTIVE,3599/BL-BO,LON,Loan Operation,BO,BOLIVIA,INE/WSA,WSA,INE,WATER SUPPLY RURAL AND PERI-URBAN,International Competitive Bidding,110236342,110236342.0,BO-BO,ESTADO PLURINACIONAL DE BOLIVIA  ,BO-MMAA,MINISTERIO DE MEDIO AMBIENTE Y AGUA,CN,CHINA,SHANGAI,"",ASOCC ACCID S&Z,2018,2018-06-04 00:00:00.000000000,2018-07-20 16:34:39.000000000,2020-10-05 18:12:38.000000000,"","",prism_goods
1254497,BO-L1080-P00275-C01,Works,BO-L1080,Multipurpose Water Supply and Irrigation Program For the Municipios of Batallas,ACTIVE,3599/BL-BO,LON,Loan Operation,BO,BOLIVIA,INE/WSA,WSA,INE,WATER SUPPLY RURAL AND PERI-URBAN,International Competitive Bidding,111229864,111229863.79,BO-BO,ESTADO PLURINACIONAL DE BOLIVIA,BO-MMAA,MINISTERIO DE MEDIO AMBIENTE Y AGUA,CN,CHINA,CALLE 10 NO.7812 EDIFICIO EMPORIUM PISO 7 OFICINA 703,"",ASOCIACION ACCIDENTAL S&Z,2018,2018-06-04 00:00:00.000000000,2025-08-27 16:31:00.681392800,2026-04-30 20:41:11.761805700,2019-01-23 00:00:00.000000000,2021-10-22 00:00:00.000000000,FI
1358814,BOA6462,Goods,BO-L1117,Rural Electrification Program II,EXITED,3725/BL-BO-3,LON,Loan Operation,BO,BOLIVIA,INE/ENE,ENE,INE,RURAL ELECTRIFICATION,International Competitive Bidding,93840,93840.0,BO-BO,ESTADO PLURINACIONAL DE BOLIVIA  ,BO-ENDE,EMPRESA NACIONAL DE ELECTRICIDAD  ,CN,CHINA,JIANGSU,N. 88 EN EL PUEBLO DE QIDU. DISTRITO DE WUJIANG.,HENGTONG OPTIC ELECTRIC C,2019,2019-03-28 00:00:00.000000000,2019-04-23 16:25:00.000000000,2019-04-23 16:25:00.000000000,"","",prism_goods
1361417,HAA6730,Consulting Firms,HA-L1078,Private Sector Development through Investment Promotion,EXITED,2879/GR-HA-1,GRF,Grant Financing Product,HA,HAITI,INT/TIN,TIN,INT,EXPORT AND INVESTMENT PROMOTION,"",120000,120000.0,HA-HA,REPUBLIQUE D'HAITI,HA-CFI,CENTRE DE FACILITATION DES INVESTISSEMENTS,CN,CHINA,HONG KONG,1 QUEEN' ROAD CENTRAL,WAVTEQ LIMITED,2018,2018-12-11 00:00:00.000000000,2019-09-18 13:07:04.000000000,2019-09-18 13:07:04.000000000,2018-12-11 00:00:00.000000000,2019-02-11 00:00:00.000000000,prism_cons
1361514,BOA6284,Goods,BO-L1072,Cochabamba - La Paz Transmission Line,EXITED,2654/BL-BO,LON,Loan Operation,BO,BOLIVIA,INE/ENE,ENE,INE,NEW POWER DISTRIBUTION & TRANSMISSION PROJECTS,International Competitive Bidding,121137,121137.0,BO-BO,ESTADO PLURINACIONAL DE BOLIVIA  ,BO-ENDE,EMPRESA NACIONAL DE ELECTRICIDAD  ,CN,CHINA,BEIJING,PLANTA 1 TUANJIEHU BEILU 2 DISTRITO DE CHAOYANG,CHINANAT.ELEC W&CIMP/EXP,2013,2013-12-11 00:00:00.000000000,2013-12-26 09:43:21.000000000,2013-12-26 09:43:21.000000000,"","",prism_goods
1365605,PNA5808,Consulting Firms,PN-L1014,Competitiveness and Trade,EXITED,1941/OC-PN,LON,Loan Operation,PN,PANAMA,IFD/CMF,CMF,IFD,BUSINESS CLIMATE AND COMPETITIVENESS,"",0,197175.0,PN-PN,REPUBLICA DE PANAMA,PN-MICI,MINISTERIO DE COMERCIO E INDUSTRIAS,CN,CHINA,BEIJING PR. CHINA,"RM 1810 SCITECH TOWER 22, JIANGUOMENWAI, BEIJING PR. CHINA",HONG KONG WORLDTRADE CENTERS ASSOC,2013,2013-09-18 00:00:00.000000000,2013-10-18 13:06:32.000000000,2013-10-18 13:06:32.000000000,2013-09-18 00:00:00.000000000,2013-12-02 00:00:00.000000000,prism_cons
1366221,BOB0594,Goods,BO-L1050,Rural Electrification Program,EXITED,2460/BL-BO,LON,Loan Operation,BO,BOLIVIA,INE/ENE,ENE,INE,RURAL ELECTRIFICATION,National Competive Bidding,214123,214123.0,BO-BO,ESTADO PLURINACIONAL DE BOLIVIA  ,BO-ENDE,EMPRESA NACIONAL DE ELECTRICIDAD  ,CN,CHINA,JIANGSU,"ZHONGTIAN VILLAGE, PUEBLO HEKOU CONDADO RUDONG",JIANGZU ZHONGTIAN TEC CO,2014,2014-06-05 00:00:00.000000000,2014-07-09 11:37:48.000000000,2014-07-09 11:37:48.000000000,"","",prism_goods
1366982,HAA6358,Consulting Firms,HA-L1078,Private Sector Development through Investment Promotion,EXITED,2879/GR-HA,GRF,Grant Financing Product,HA,HAITI,INT/TIN,TIN,INT,EXPORT AND INVESTMENT PROMOTION,"",240275,240275.0,HA-HA,REPUBLIQUE D'HAITI,HA-MFEI,MINISTERE DE L'ECONOMIE ET DES FINANCES,CN,CHINA,HONG KONG,1 QUEEN' ROAD CENTRAL,WAVTEQ LIMITED,2017,2017-08-09 00:00:00.000000000,2017-11-23 09:36:50.000000000,2017-11-23 09:36:50.000000000,2017-08-09 00:00:00.000000000,2017-12-30 00:00:00.000000000,prism_cons
1367455,BOA6286,Goods,BO-L1072,Cochabamba - La Paz Transmission Line,EXITED,2654/BL-BO,LON,Loan Operation,BO,BOLIVIA,INE/ENE,ENE,INE,NEW POWER DISTRIBUTION & TRANSMISSION PROJECTS,International Competitive Bidding,258750,258750.0,BO-BO,ESTADO PLURINACIONAL DE BOLIVIA  ,BO-ENDE,EMPRESA NACIONAL DE ELECTRICIDAD  ,CN,CHINA,ZHENGZHOU,CAMINO A YONGDING AL NORTE DE GONGYI,PEOPLES CABLE GROUP CO LT,2013,2013-12-11 00:00:00.000000000,2013-12-27 12:06:57.000000000,2013-12-27 12:06:57.000000000,"","",prism_goods
1367538,JAA3228,Consulting Firms,JA-X1007,Public Sector Efficiency Program,EXITED,GRT/EX-14238-JA,IGR,Investment Grants,JA,JAMAICA,IFD/ICS,ICS,IFD,REFORM AND PUBLIC SECTOR SUPPORT,"",263300,263300.0,"","",JA-PSMD,CABINET OFFICE- PUBLIC SECTOR MODERNIZATION DIVISION,CN,CHINA,OTTAWA,1 STEWART STREET SUITE 206,INFOCIVITAS LIMITED,2016,2016-11-15 00:00:00.000000000,2017-01-30 15:16:02.000000000,2018-10-06 16:56:58.000000000,2016-11-21 00:00:00.000000000,2018-12-31 00:00:00.000000000,prism_cons
1368224,BOA6348,Goods,BO-L1050,Rural Electrification Program,EXITED,2460/BL-BO,LON,Loan Operation,BO,BOLIVIA,INE/ENE,ENE,INE,RURAL ELECTRIFICATION,International Competitive Bidding,297306,297306.0,BO-BO,ESTADO PLURINACIONAL DE BOLIVIA  ,BO-ENDE,EMPRESA NACIONAL DE ELECTRICIDAD  ,CN,CHINA,SHANDONG,"",TBEA SHANDONG LUNENG TAIS,2014,2014-08-27 00:00:00.000000000,2014-09-16 15:04:07.000000000,2014-09-16 15:04:07.000000000,"","",prism_goods
1368774,BOA6340,Goods,BO-L1072,Cochabamba - La Paz Transmission Line,EXITED,2654/BL-BO,LON,Loan Operation,BO,BOLIVIA,INE/ENE,ENE,INE,NEW POWER DISTRIBUTION & TRANSMISSION PROJECTS,International Competitive Bidding,327455,327455.0,BO-BO,ESTADO PLURINACIONAL DE BOLIVIA  ,BO-ENDE,EMPRESA NACIONAL DE ELECTRICIDAD  ,CN,CHINA,ZHENGZHOU,CAMINO A YONGDING AL NORTE DE GONGYI,PEOPLES CABLE GROUP CO LT,2014,2014-08-22 00:00:00.000000000,2014-08-29 08:55:52.000000000,2014-11-26 16:06:32.000000000,"","",prism_goods
1369049,BOA6461,Goods,BO-L1117,Rural Electrification Program II,EXITED,3725/BL-BO-3,LON,Loan Operation,BO,BOLIVIA,INE/ENE,ENE,INE,RURAL ELECTRIFICATION,International Competitive Bidding,343689,343689.0,BO-BO,ESTADO PLURINACIONAL DE BOLIVIA  ,BO-ENDE,EMPRESA NACIONAL DE ELECTRICIDAD  ,CN,CHINA,JIANGSU,N. 88 EN EL PUEBLO DE QIDU. DISTRITO DE WUJIANG.,HENGTONG OPTIC ELECTRIC C,2019,2019-03-29 00:00:00.000000000,2019-04-23 16:18:56.000000000,2020-04-16 01:05:06.000000000,"","",prism_goods
1369183,BOB0681,Goods,BO-L1117,Rural Electrification Program II,EXITED,3725/BL-BO-3,LON,Loan Operation,BO,BOLIVIA,INE/ENE,ENE,INE,RURAL ELECTRIFICATION,National Competive Bidding,350637,350637.0,BO-BO,ESTADO PLURINACIONAL DE BOLIVIA  ,BO-ENDE,EMPRESA NACIONAL DE ELECTRICIDAD  ,CN,CHINA,BEIJING,CALLE NORTE DE TUANJIEHU N2-PLANTA BAJA DISTRITO DE CHAOYANG,CHINA NAT CABLE ENG. CO.,2019,2019-05-06 00:00:00.000000000,2019-06-28 09:21:51.000000000,2019-12-30 05:07:06.000000000,"","",prism_goods
1369992,CRA2562,Goods,CR-L1049,Power Sector Development Program 2012-2016 (Reventazon Hydroelectric Project),EXITED,2747/OC-CR,LON,Loan Operation,CR,COSTA RICA,INE/ENE,ENE,INE,NEW HYDROPOWER PROJECTS,International Competitive Bidding,411945,411945.0,CR-ICE,INSTITUTO COSTARRICENSE DE ELECTRICIDAD  ,CR-ICE,INSTITUTO COSTARRICENSE DE ELECTRICIDAD  ,CN,CHINA,NANJING,CHANGJIANG RD,SUMEC COMPLETE EQUIPMENT,2014,2014-04-08 00:00:00.000000000,2014-04-09 13:28:17.000000000,2014-04-09 13:28:17.000000000,"","",prism_goods
1370000,BOA6282,Goods,BO-L1050,Rural Electrification Program,EXITED,2460/BL-BO,LON,Loan Operation,BO,BOLIVIA,INE/ENE,ENE,INE,RURAL ELECTRIFICATION,International Competitive Bidding,412903,412903.0,BO-BO,ESTADO PLURINACIONAL DE BOLIVIA  ,BO-ENDE,EMPRESA NACIONAL DE ELECTRICIDAD  ,CN,CHINA,BEIJING,NO. 2 WEIZIKENG STREET YONGDINGMEN WAI FENTAI BEIJING,CHINA NATIONAL W&C M&X,2013,2013-12-03 00:00:00.000000000,2013-12-11 19:08:44.000000000,2013-12-11 19:08:44.000000000,"","",prism_goods
1370001,BOB0570,Goods,BO-L1072,Cochabamba - La Paz Transmission Line,EXITED,2654/BL-BO,LON,Loan Operation,BO,BOLIVIA,INE/ENE,ENE,INE,NEW POWER DISTRIBUTION & TRANSMISSION PROJECTS,National Competive Bidding,412903,412903.0,BO-BO,ESTADO PLURINACIONAL DE BOLIVIA  ,BO-ENDE,EMPRESA NACIONAL DE ELECTRICIDAD  ,CN,CHINA,BEIJING,PLANTA 1 TUANJIEHU BEILU 2 DISTRITO DE CHAOYANG,CHINANAT.ELEC W&CIMP/EXP,2013,2013-12-03 00:00:00.000000000,2013-12-16 14:34:39.000000000,2013-12-16 14:34:39.000000000,"","",prism_goods
1370841,HAA6333,Consulting Firms,HA-L1078,Private Sector Development through Investment Promotion,EXITED,2879/GR-HA,GRF,Grant Financing Product,HA,HAITI,INT/TIN,TIN,INT,EXPORT AND INVESTMENT PROMOTION,"",492760,492760.0,HA-HA,REPUBLIQUE D'HAITI,HA-MFEI,MINISTERE DE L'ECONOMIE ET DES FINANCES,CN,CHINA,HONG KONG,1 QUEEN' ROAD CENTRAL,WAVTEQ LIMITED,2017,2017-03-28 00:00:00.000000000,2017-06-08 11:30:10.000000000,2017-06-08 11:30:10.000000000,2017-03-28 00:00:00.000000000,2017-12-20 00:00:00.000000000,prism_cons
1370943,HAA6463,Consulting Firms,HA-L1078,Private Sector Development through Investment Promotion,EXITED,2879/GR-HA-1,GRF,Grant Financing Product,HA,HAITI,INT/TIN,TIN,INT,EXPORT AND INVESTMENT PROMOTION,"",500000,500000.0,HA-HA,REPUBLIQUE D'HAITI,HA-CFI,CENTRE DE FACILITATION DES INVESTISSEMENTS,CN,CHINA,HONG KONG,1 QUEEN' ROAD CENTRAL,WAVTEQ LIMITED,2018,2018-03-01 00:00:00.000000000,2019-07-01 15:40:51.000000000,2019-07-01 15:40:51.000000000,2018-03-01 00:00:00.000000000,2018-08-31 00:00:00.000000000,prism_cons
1371449,BOB0585,Goods,BO-L1050,Rural Electrification Program,EXITED,2460/BL-BO,LON,Loan Operation,BO,BOLIVIA,INE/ENE,ENE,INE,RURAL ELECTRIFICATION,Others,561173,561173.0,BO-BO,ESTADO PLURINACIONAL DE BOLIVIA  ,BO-ENDE,EMPRESA NACIONAL DE ELECTRICIDAD  ,CN,CHINA,BEIJING,NO. 2 WEIZIKENG STREET YONGDINGMEN WAI FENTAI BEIJING,CHINA NATIONAL W&C M&X,2014,2014-03-31 00:00:00.000000000,2014-05-02 12:20:48.000000000,2014-05-02 12:20:48.000000000,"","",prism_goods
1371797,CRA2242,Goods,CR-L1009,First Electric Power Sector Development Program 2008-2011,EXITED,1908/OC-CR,LON,Loan Operation,CR,COSTA RICA,INE/ENE,ENE,INE,NEW POWER DISTRIBUTION & TRANSMISSION PROJECTS,International Competitive Bidding,605000,605000.0,CR-ICE,INSTITUTO COSTARRICENSE DE ELECTRICIDAD  ,CR-ICE,INSTITUTO COSTARRICENSE DE ELECTRICIDAD  ,CN,CHINA,SHANGAI,"",CHINT ELECTRIC CO LTD,2010,2010-09-30 00:00:00.000000000,2010-11-17 09:48:52.000000000,2010-11-17 09:48:52.000000000,"","",prism_goods
1372810,BOB0602,Goods,BO-L1050,Rural Electrification Program,EXITED,2460/BL-BO,LON,Loan Operation,BO,BOLIVIA,INE/ENE,ENE,INE,RURAL ELECTRIFICATION,National Competive Bidding,781602,781602.0,BO-BO,ESTADO PLURINACIONAL DE BOLIVIA  ,BO-ENDE,EMPRESA NACIONAL DE ELECTRICIDAD  ,CN,CHINA,"JINAN, SAHNDONG",Nº 3 JIYIXICHANG ROAD,SHANDONG POWER EQ CO.LTD,2014,2014-07-25 00:00:00.000000000,2014-08-01 16:12:40.000000000,2014-08-01 16:12:40.000000000,"","",prism_goods
1372855,BOB0562,Goods,BO-L1072,Cochabamba - La Paz Transmission Line,EXITED,2654/BL-BO,LON,Loan Operation,BO,BOLIVIA,INE/ENE,ENE,INE,NEW POWER DISTRIBUTION & TRANSMISSION PROJECTS,National Competive Bidding,792449,792449.0,BO-BO,ESTADO PLURINACIONAL DE BOLIVIA  ,BO-ENDE,EMPRESA NACIONAL DE ELECTRICIDAD  ,CN,CHINA,BEIJING,NO. 2 WEIZIKENG STREET YONGDINGMEN WAI FENTAI BEIJING,CHINA NATIONAL W&C M&X,2013,2013-09-30 00:00:00.000000000,2013-10-18 10:20:26.000000000,2013-11-11 17:26:49.000000000,"","",prism_goods
1372977,BOA6459,Goods,BO-L1117,Rural Electrification Program II,EXITED,3725/BL-BO-3,LON,Loan Operation,BO,BOLIVIA,INE/ENE,ENE,INE,RURAL ELECTRIFICATION,International Competitive Bidding,819168,819168.0,BO-BO,ESTADO PLURINACIONAL DE BOLIVIA  ,BO-ENDE,EMPRESA NACIONAL DE ELECTRICIDAD  ,CN,CHINA,HEKOU,"ALDEA DE ZHONGTIAN, CONDADO DE RUDONG, PROVINCIA DE JIANGSU",ZTT INTERNATIONAL LIMITED,2019,2019-01-30 00:00:00.000000000,2019-04-23 16:05:04.000000000,2019-04-23 16:05:04.000000000,"","",prism_goods
1373834,BOB0564,Goods,BO-L1050,Rural Electrification Program,EXITED,2460/BL-BO,LON,Loan Operation,BO,BOLIVIA,INE/ENE,ENE,INE,RURAL ELECTRIFICATION,National Competive Bidding,1051200,1051200.0,BO-BO,ESTADO PLURINACIONAL DE BOLIVIA  ,BO-ENDE,EMPRESA NACIONAL DE ELECTRICIDAD  ,CN,CHINA,BEIJING,NO. 2 WEIZIKENG STREET YONGDINGMEN WAI FENTAI BEIJING,CHINA NATIONAL W&C M&X,2013,2013-10-08 00:00:00.000000000,2013-10-22 14:49:35.000000000,2013-11-11 17:28:22.000000000,"","",prism_goods
1374414,PRA2306,Goods,PR-L1058,Support for the Transmission System in Paraguay,EXITED,2891/OC-PR,LON,Loan Operation,PR,PARAGUAY,INE/ENE,ENE,INE,NEW POWER DISTRIBUTION & TRANSMISSION PROJECTS,International Competitive Bidding,1290300,1290300.0,PR-ANDE,ADMINISTRACION NACIONAL DE ELECTRICIDAD ANDE,PR-ANDE,ADMINISTRACION NACIONAL DE ELECTRICIDAD ANDE,CN,CHINA,NANJING - CHINA,"EDIFICIO 2, N° 19, AVENIDA DE CHENGXIN",NARI TECHNOLOGY CO LTD,2021,2021-11-01 00:00:00.000000000,2021-11-04 07:40:02.000000000,2021-11-04 07:40:02.000000000,"","",prism_goods
1375476,BOB0563,Goods,BO-L1050,Rural Electrification Program,EXITED,2460/BL-BO,LON,Loan Operation,BO,BOLIVIA,INE/ENE,ENE,INE,RURAL ELECTRIFICATION,National Competive Bidding,1995000,1995000.0,BO-BO,ESTADO PLURINACIONAL DE BOLIVIA  ,BO-ENDE,EMPRESA NACIONAL DE ELECTRICIDAD  ,CN,CHINA,BEIJING,CALLE NORTE DE TUANJIEHU N2-PLANTA BAJA DISTRITO DE CHAOYANG,CHINA NAT CABLE ENG. CO.,2013,2013-10-08 00:00:00.000000000,2013-10-22 14:47:04.000000000,2014-07-11 14:56:30.000000000,"","",prism_goods
1375701,BOA6460,Goods,BO-L1117,Rural Electrification Program II,EXITED,3725/BL-BO-3,LON,Loan Operation,BO,BOLIVIA,INE/ENE,ENE,INE,RURAL ELECTRIFICATION,International Competitive Bidding,2239131,2239131.0,BO-BO,ESTADO PLURINACIONAL DE BOLIVIA  ,BO-ENDE,EMPRESA NACIONAL DE ELECTRICIDAD  ,CN,CHINA,BEIJING,CALLE NORTE DE TUANJIEHU N2-PLANTA BAJA DISTRITO DE CHAOYANG,CHINA NAT CABLE ENG. CO.,2019,2019-02-22 00:00:00.000000000,2019-04-23 16:09:45.000000000,2020-01-07 17:09:57.000000000,"","",prism_goods
1375990,ECA7810,Consulting Firms,EC-L1117,Support to the transmission program in Ecuador,EXITED,3167/OC-EC,LON,Loan Operation,EC,ECUADOR,INE/ENE,ENE,INE,ENERGY INTEGRATION,"",2600459,2600459.0,EC-EC,REPUBLICA DE ECUADOR  ,EC-CELEC,CORPORACION ELECTRICA DEL ECUADOR  ,CN,CHINA,QUITO,"AV. REPÚBLICA DEL SALVADOR N35-182 Y SUECIA, EDIFICIO ALMIRA",CHANGJIANG INSTITUTE OF SURVEY PLANNIG DESING AND RESEARCH,2020,2020-12-10 00:00:00.000000000,2021-05-25 11:12:01.000000000,2021-05-25 11:12:01.000000000,2020-12-24 00:00:00.000000000,2021-11-19 00:00:00.000000000,prism_cons
1376090,VEB0590,Goods,VE-L1017,Support to the Action Social Center of Music Program. Phase II,EXITED,1869/OC-VE,LON,Loan Operation,VE,VENEZUELA,SCL/SPH,SPH,SCL,SOCIAL INVESTMENT,National Competive Bidding,2733280,2733280.0,VE-VE,REPUBLICA BOLIVARIANA DE VENEZUELA,VE-FESNJIV,"""FUNDACION DEL ESTADO """"SISTEMA NACIONAL"" ""DE ORQUESTAS INFANTILES Y JUVENILES""""""",CN,CHINA,TAIXING CITY,"",TAIXING FENGLING MUSICAL,2011,2011-05-06 00:00:00.000000000,2011-07-11 10:41:17.000000000,2011-10-20 12:02:28.000000000,"","",prism_goods
1376388,HAB1204,Works,HA-L1019,Rehabilitation of Road Infrastructure for Integration of the Territory,EXITED,1922/GR-HA,GRF,Grant Financing Product,HA,HAITI,INE/TSP,TSP,INE,TRANSPORT,National Competive Bidding,3262839,3262839.0,HA-HA,REPUBLIQUE D'HAITI,HA-MTPTC,MINISTERE DE TRAVAUX PUBLICS TRANSPORTS ET COMMUNICATIONS ,CN,CHINA,WENLING,RUE TAIPING,HONGYUAN CONSTRUCTION COM,2013,2013-06-06 00:00:00.000000000,2013-07-22 12:31:29.000000000,2013-07-22 12:31:29.000000000,"","",prism_goods
1376742,BOB0568,Goods,BO-L1072,Cochabamba - La Paz Transmission Line,EXITED,2654/BL-BO,LON,Loan Operation,BO,BOLIVIA,INE/ENE,ENE,INE,NEW POWER DISTRIBUTION & TRANSMISSION PROJECTS,National Competive Bidding,4073509,4073509.0,BO-BO,ESTADO PLURINACIONAL DE BOLIVIA  ,BO-ENDE,EMPRESA NACIONAL DE ELECTRICIDAD  ,CN,CHINA,SHANDONG,"",TBEA SHANDONG LUNENG TAIS,2013,2013-11-18 00:00:00.000000000,2013-12-16 13:44:50.000000000,2013-12-16 13:44:50.000000000,"","",prism_goods
1377467,BOA6189,Goods,BO-L1072,Cochabamba - La Paz Transmission Line,EXITED,2654/BL-BO,LON,Loan Operation,BO,BOLIVIA,INE/ENE,ENE,INE,NEW POWER DISTRIBUTION & TRANSMISSION PROJECTS,International Competitive Bidding,7880200,7880200.0,BO-BO,ESTADO PLURINACIONAL DE BOLIVIA  ,BO-ENDE,EMPRESA NACIONAL DE ELECTRICIDAD  ,CN,CHINA,SHANDONG,"",TBEA SHANDONG LUNENG TAIS,2013,2013-06-25 00:00:00.000000000,2013-07-18 12:51:51.000000000,2013-07-18 12:51:51.000000000,"","",prism_goods
1377579,CRA2241,Goods,CR-L1009,First Electric Power Sector Development Program 2008-2011,EXITED,1908/OC-CR,LON,Loan Operation,CR,COSTA RICA,INE/ENE,ENE,INE,NEW POWER DISTRIBUTION & TRANSMISSION PROJECTS,International Competitive Bidding,9138680,9138680.0,CR-ICE,INSTITUTO COSTARRICENSE DE ELECTRICIDAD  ,CR-ICE,INSTITUTO COSTARRICENSE DE ELECTRICIDAD  ,CN,CHINA,SHANGAI,"",CHINT ELECTRIC CO LTD,2010,2010-09-30 00:00:00.000000000,2010-11-17 09:43:13.000000000,2010-11-17 09:43:13.000000000,"","",prism_goods
1377592,TTA1786,Works,TT-L1018,WASA Modernization and Wastewater Infrastructure Rehabilitation Program,EXITED,2600/OC-TT,LON,Loan Operation,TT,TRINIDAD AND TOBAGO,INE/WSA,WSA,INE,WATER AND SANITATION,International Competitive Bidding,9345157,9345157.0,TT-TT,TRINIDAD AND TOBAGO  ,TT-WASA,WATER AND SEWERAGE AUTHORITY OF TRINIDAD AND TOBAGO ,CN,CHINA,BEIJING,"NO.601, FL 6 BUILDING23, YAERD 17 XICUI ROAD",SINOHYDRO CORPORATION LTD,2019,2019-06-25 00:00:00.000000000,2020-03-02 10:41:18.000000000,2020-03-02 10:44:22.000000000,"","",prism_goods
1377711,BOA6192,Goods,BO-L1072,Cochabamba - La Paz Transmission Line,EXITED,2654/BL-BO,LON,Loan Operation,BO,BOLIVIA,INE/ENE,ENE,INE,NEW POWER DISTRIBUTION & TRANSMISSION PROJECTS,International Competitive Bidding,11098913,11098913.0,BO-BO,ESTADO PLURINACIONAL DE BOLIVIA  ,BO-ENDE,EMPRESA NACIONAL DE ELECTRICIDAD  ,CN,CHINA,NANJING,ZONA INDUSTRIAL QIAOLIN,NANJING DAJI STELL TM,2013,2013-07-31 00:00:00.000000000,2013-08-13 18:32:06.000000000,2013-08-13 18:32:06.000000000,"","",prism_goods
1377924,BRB4007,Goods,BR-L1408,Program for the Expansion and Improvement of Specialized Health Care in the State of Ceará II – PROEXMAES II,EXITED,3703/OC-BR,LON,Loan Operation,BR,BRAZIL,SCL/HNP,HNP,SCL,HEALTH SYSTEM STRENGTHENING,Direct Contracting/Selection,16100000,16100000.0,BR-ECEARA,ESTADO DE CEARA,BR-SSEC,SECRETARIA DE SAUDE DO ESTADO DO CEARA,CN,CHINA,BEIJING,"NO 18 - GUANGMING ZHONGJIE, DONGCHENG DISTRICT- 100061",CHINA MEHECO CORPORATION,2020,2020-03-24 00:00:00.000000000,2020-05-26 09:45:24.000000000,2020-09-22 09:44:22.000000000,"","",prism_goods
1377932,CRA2561,Goods,CR-L1049,Power Sector Development Program 2012-2016 (Reventazon Hydroelectric Project),EXITED,2747/OC-CR,LON,Loan Operation,CR,COSTA RICA,INE/ENE,ENE,INE,NEW HYDROPOWER PROJECTS,International Competitive Bidding,16446412,16446412.0,CR-ICE,INSTITUTO COSTARRICENSE DE ELECTRICIDAD  ,CR-ICE,INSTITUTO COSTARRICENSE DE ELECTRICIDAD  ,CN,CHINA,NANJING,CHANGJIANG RD,SUMEC COMPLETE EQUIPMENT,2014,2014-04-08 00:00:00.000000000,2014-04-09 13:27:03.000000000,2014-04-09 13:27:03.000000000,"","",prism_goods
1377976,BRB4008,Non-Consulting Services,BR-L1408,Program for the Expansion and Improvement of Specialized Health Care in the State of Ceará II – PROEXMAES II,EXITED,3703/OC-BR,LON,Loan Operation,BR,BRAZIL,SCL/HNP,HNP,SCL,HEALTH SYSTEM STRENGTHENING,Direct Contracting/Selection,18364360,18364360.0,BR-ECEARA,ESTADO DE CEARA,BR-SSEC,SECRETARIA DE SAUDE DO ESTADO DO CEARA,CN,CHINA,BEIJING,"NO 18 - GUANGMING ZHONGJIE, DONGCHENG DISTRICT- 100061",CHINA MEHECO CORPORATION,2020,2020-03-28 00:00:00.000000000,2020-05-26 12:56:14.000000000,2020-12-14 15:06:20.000000000,"","",prism_goods
1378001,GYB0991,Works,GY-L1040,Water Supply and Sanitation Infrastructure Improvement Program,EXITED,3242/OC-GY,LON,Loan Operation,GY,GUYANA,INE/WSA,WSA,INE,WATER SUPPLY URBAN,International Competitive Bidding,19262548,19262548.0,GY-GY,COOPERATIVE REPUBLIC OF GUYANA,GY-GWI,GUYANA WATER INCORPORATED,CN,CHINA,"BEIJING, 100048","22 CHEGONZHUANG WEST ROAD, HAIDIAN DISTRICT",SINOHYDRO CORPORATION LTD,2017,2017-08-31 00:00:00.000000000,2017-09-15 10:43:36.000000000,2018-12-10 10:09:28.000000000,"","",prism_goods
1378021,GYA0545,Works,GY-L1041,Power Utility Upgrade Program,EXITED,3238/OC-GY,LON,Loan Operation,GY,GUYANA,INE/ENE,ENE,INE,ENERGY SECTOR REHABILITATION AND EFFICIENCY,International Competitive Bidding,20106854,20106854.0,GY-GY,COOPERATIVE REPUBLIC OF GUYANA,GY-GPL,"GUYANA POWER AND LIGHT, INC.",CN,CHINA,BEIJING,"NO 1 (W) FUCHENGMENWAI AVENUE, 100037",CMC-CSEEC CONSORTIUM,2019,2019-05-15 00:00:00.000000000,2019-07-26 09:27:02.000000000,2022-02-02 09:19:47.000000000,"","",prism_goods
1378056,GYB0949,Works,GY-L1041,Power Utility Upgrade Program,EXITED,3238/OC-GY,LON,Loan Operation,GY,GUYANA,INE/ENE,ENE,INE,ENERGY SECTOR REHABILITATION AND EFFICIENCY,International Competitive Bidding,22343923,22343923.0,GY-GY,COOPERATIVE REPUBLIC OF GUYANA,GY-GPL,"GUYANA POWER AND LIGHT, INC.",CN,CHINA,BEIJING,"NO 1 (W) FUCHENGMENWAI AVENUE, 100037",CMC-CSEEC CONSORTIUM,2016,2016-12-29 00:00:00.000000000,2017-01-25 13:12:18.000000000,2018-12-12 22:18:02.000000000,"","",prism_goods
1378144,HAB1329,Works,HA-L1079,Support for Haiti's Transportation Sector III,EXITED,3085/GR-HA,GRF,Grant Financing Product,HA,HAITI,INE/TSP,TSP,INE,MAJOR HIGHWAYS,International Competitive Bidding,28395815,28395815.0,HA-HA,REPUBLIQUE D'HAITI,HA-MTPTC,MINISTERE DE TRAVAUX PUBLICS TRANSPORTS ET COMMUNICATIONS ,CN,CHINA,WENLING,RUE TAIPING,HONGYUAN CONSTRUCTION COM,2014,2014-08-11 00:00:00.000000000,2014-10-01 14:32:46.000000000,2015-09-29 10:05:25.000000000,"","",prism_goods
1378192,ECA2766,Works,EC-L1117,Support to the transmission program in Ecuador,EXITED,3167/OC-EC,LON,Loan Operation,EC,ECUADOR,INE/ENE,ENE,INE,ENERGY INTEGRATION,International Competitive Bidding,28944703,32418068.0,EC-EC,REPUBLICA DE ECUADOR  ,EC-CELEC,CORPORACION ELECTRICA DEL ECUADOR  ,CN,CHINA,QUITO,AV. REINA VICTORIA N25-33 Y COLON EDIF BCO GUAYAQUIL PISO 9,CHINA MACHINERY ENGINEERI,2016,2016-11-29 00:00:00.000000000,2017-08-02 10:46:28.000000000,2017-08-02 10:46:28.000000000,"","",prism_goods
1378199,ECA2768,Works,EC-L1117,Support to the transmission program in Ecuador,EXITED,3167/OC-EC,LON,Loan Operation,EC,ECUADOR,INE/ENE,ENE,INE,ENERGY INTEGRATION,International Competitive Bidding,29566866,33114890.0,EC-EC,REPUBLICA DE ECUADOR  ,EC-CELEC,CORPORACION ELECTRICA DEL ECUADOR  ,CN,CHINA,QUITO,AV DE LOS SHYRIS 35-174 Y SUECIA EDIF RENAZZO PLAZA PISO 6,XIAN ELECTRIC ENGINEERING,2016,2016-11-24 00:00:00.000000000,2017-08-02 11:18:59.000000000,2017-08-02 11:18:59.000000000,"","",prism_goods
1378234,ECA2864,Works,EC-L1160,Investment Plan to Support the Transition of the Energy Matrix in Ecuador,EXITED,3710/OC-EC,LON,Loan Operation,EC,ECUADOR,INE/ENE,ENE,INE,ENERGY SECTOR REHABILITATION AND EFFICIENCY,International Competitive Bidding,35413322,39662921.0,EC-EC,REPUBLICA DE ECUADOR  ,EC-MEER,MINISTERIO DE ELECTRICIDAD Y ENERGIA RENOVABLE ,CN,CHINA,QUITO,AV DE LOS SHYRIS 35-174 Y SUECIA EDIF RENAZZO PLAZA PISO 6,XIAN ELECTRIC ENGINEERING,2017,2017-08-14 00:00:00.000000000,2020-09-24 13:46:45.000000000,2020-11-23 12:00:24.000000000,"","",prism_goods
1378277,ECA2712,Goods,EC-L1117,Support to the transmission program in Ecuador,EXITED,3167/OC-EC,LON,Loan Operation,EC,ECUADOR,INE/ENE,ENE,INE,ENERGY INTEGRATION,International Competitive Bidding,50198195,57225942.0,EC-EC,REPUBLICA DE ECUADOR  ,EC-CELEC,CORPORACION ELECTRICA DEL ECUADOR  ,CN,CHINA,QUITO,CALLE JOSE ABASCAL N38-49 Y PORTETE,SINOHYDRO CORPORATION LIM,2016,2016-05-09 00:00:00.000000000,2016-08-08 12:25:16.000000000,2016-08-08 12:25:16.000000000,"","",prism_goods
1378296,COB0796,Works,CO-L1234,Metro of Bogota First Line - First tranch,EXITED,4572/OC-CO,LON,Loan Operation,CO,COLOMBIA,INE/TSP,TSP,INE,PUBLIC TRANSPORT (BUS / TRAIN / CABLE). INFRASTRUCTURE AND EQUIPMENT,International Competitive Bidding,70000000,70000000.0,CO- METRODEBOGOTA,EMPRESA METRO DE BOGOTÁ S.A.,CO- METRODEBOGOTA,EMPRESA METRO DE BOGOTÁ S.A.,CN,CHINA,BOGOTA,"WORLD TRADE CENTER, AC. 100#8A-49 TORRE B, PISO 11, OFI 1102",METRO LINEA 1 S.A.S,2019,2019-11-27 00:00:00.000000000,2020-09-17 16:01:44.000000000,2024-02-14 18:02:34.000000000,"","",prism_goods
1378306,BOB0644,Works,BO-L1075,Segment Montero-Yapacaní from the double lane in the road Santa Cruz-Cochabamba,EXITED,2786/BL-BO,LON,Loan Operation,BO,BOLIVIA,INE/TSP,TSP,INE,TRANSPORT NETWORKS CONNECTIVITY,National Competive Bidding,92463776,92463776.0,BO-BO,ESTADO PLURINACIONAL DE BOLIVIA  ,BO-ABC,ADMINISTRADORA BOLIVIANA DE CARRETERAS  ,CN,CHINA,"BEIJING, 100048","22 CHEGONZHUANG WEST ROAD, HAIDIAN DISTRICT",SINOHYDRO CORPORATION LTD,2016,2016-10-12 00:00:00.000000000,2016-11-23 14:13:40.000000000,2020-09-23 19:52:17.000000000,"","",prism_goods
1378309,TTA1775,Works,TT-L1026,Multi-Phase Wastewater Rehabilitation Program- Phase I,EXITED,2890/OC-TT,LON,Loan Operation,TT,TRINIDAD AND TOBAGO,INE/WSA,WSA,INE,SANITATION RURAL AND PERI-URBAN,International Competitive Bidding,97645284,97645284.0,TT-TT,TRINIDAD AND TOBAGO  ,TT-WASA,WATER AND SEWERAGE AUTHORITY OF TRINIDAD AND TOBAGO ,CN,CHINA,"BEIJING, 100048","22 CHEGONZHUANG WEST ROAD, HAIDIAN DISTRICT",SINOHYDRO CORPORATION LTD,2014,2014-11-17 00:00:00.000000000,2014-12-02 09:10:33.000000000,2015-05-08 11:06:44.000000000,"","",prism_goods
1378340,VEB0747,Works,VE-L1033,Rehabilitation of Units 1 to 6 of Powerhouse I Simón Bolivar Hydroelectric Plant,EXITED,2429/OC-VE,LON,Loan Operation,VE,VENEZUELA,INE/ENE,ENE,INE,NEW HYDROPOWER PROJECTS,International Competitive Bidding,474642084,474642084.0,VE-VE,REPUBLICA BOLIVARIANA DE VENEZUELA,VE-CORPOELEC,CORPORACION ELECTRICA NACIONAL,CN,CHINA,DEYANG SLCHUAN,"",DONGFANG ELECTRIC,2014,2014-10-14 00:00:00.000000000,2014-12-04 17:19:13.000000000,2015-09-29 09:17:15.000000000,"","",prism_goods
1220707,BH-L1061-P00050-C01,Goods,BH-L1061,The Bahamas Water Supply and Sanitation Systems Upgrade Program,ACTIVE,5959/OC-BH,LON,Loan Operation,BH,BAHAMAS,INE/WSA,WSA,INE,WATER AND SANITATION,Shopping/Request for minimum 3 Quotations,413,412.97,BH-WSC,WATER AND SEWERAGE CORPORATION,BH-WSC,WATER AND SEWERAGE CORPORATION,CN,CHINA,"No. 38 Thompson Boulevard, Nassau, The Bahamas","",Safety Custom,2025,2025-11-14 00:00:00.000000000,2026-02-03 01:15:41.803251200,2026-02-03 15:59:07.294756200,2025-11-14 00:00:00.000000000,2026-02-20 00:00:00.000000000,FI
1231280,SU-L1056-P00042-C01,Non-Consulting Services,SU-L1056,Foreign Investment and Export Promotion Program,ACTIVE,4801/OC-SU,LON,Loan Operation,SU,SURINAME,PTI/TIN,TIN,PTI,EXPORT AND INVESTMENT PROMOTION,Shopping/Request for minimum 3 Quotations,8997,8997.0,SU-SU,REPUBLIC OF SURINAME,SU-MFAIBIC,"MINISTRY OF FOREIGN AFFAIRS, INTERNATIONAL BUSINESS, AND INTERNATIONAL COOPERATION",CN,CHINA,Suriname Investment and Trade Agency,"",Qianyou Information Technology (Wuhan) Co.,2024,2024-05-08 00:00:00.000000000,2025-08-20 17:51:49.242398900,2025-08-21 11:33:14.257702500,2024-05-08 00:00:00.000000000,2027-05-08 00:00:00.000000000,FI
1231854,JAB0775,Goods,JA-L1074,Security Strengthening Project,ACTIVE,4400/OC-JA,LON,Loan Operation,JA,JAMAICA,IFD/CIS,CIS,IFD,CITIZEN SAFETY,Others,9800,9800.0,JA-JA,JAMAICA,JA-MNS,MINISTRY OF NATIONAL SECURITY,CN,CHINA,NANJING,3 BUILDING N0 8 LONG TAI ROAD,NANJING SPEEDY LASER TECH,2020,2020-09-22 00:00:00.000000000,2021-05-19 10:18:50.000000000,2021-05-19 10:18:50.000000000,"","",prism_goods
