project_id,notice_type,country,year_awarded,data_source,procurement_channel,funding_source,sector,project_type,contract_value_usd,contract_currency,contract_amount,contract_duration_original_unit,contract_duration_original,contract_duration_days,winning_firm_name,winning_firm_country,winning_firm_is_chinese,winning_firm_is_soe,number_of_bidders,if_single_bidder,bidder_country_lowest_price,bidder_lowest_price,bidder_country,bidder_price_currency,bidder_price,procurement_method,financing_linked_to_bid,financing_source_chinese,joint_venture,firm_registered_locally,record_id,awarded_date,bid_reference_no,project_name,contract_url
P179534,Contract Award,Argentina,2024,World Bank,MDB-financed,IBRD95410,Health Facilities and Construction; Health; Public Administration - Health,goods,,ARS,92400000.0,Day,90.0,90.0,EXO SA,Argentina,,,2.0,0.0,Estados Unidos,153092478.00,Argentina; Estados Unidos,ARS; ARS,199916640.00; 153092478.00,Request for Bids,,,,1.0,OP00330678,2024/12/12,AR-DPOMFB-395517-GO-RFB,Strengthening the Digital Health Agenda in the Province of Buenos Aires,https://projects.worldbank.org/en/projects-operations/procurement-detail/OP00330678
P175669,Contract Award,Argentina,2024,World Bank,MDB-financed,IBRD93350,"Public Administration - Agriculture, Fishing & Forestry; Tourism; Other Agriculture, Fishing and Forestry; Social Protection",works,,ARS,5603956784.22,Day,480.0,480.0,CONCRET NOR S.A,Argentina,,,3.0,0.0,Argentina,5399199008.86,Argentina; Argentina; Argentina,ARS; ARS; ARS,11703192977.11; 5399199008.86; 8695941452.92,Request for Bids,,,,1.0,OP00330579,2024/12/26,AR-APN-284343-CW-RFB,Sustainable Recovery of Landscapes and Livelihoods in Argentina Project,https://projects.worldbank.org/en/projects-operations/procurement-detail/OP00330579
P174946,Contract Award,Argentina,2024,World Bank,MDB-financed,IBRD92240,ICT Infrastructure; Central Government (Central Agencies); ICT Services,consulting,,USD,16335.0,Day,65.0,65.0,BERGES FEDERICO GERMAN,Argentina,,,2.0,0.0,Argentina,17545.00,Argentina; Argentina,USD; USD,17545.00; 19360.00,Request for Quotations,,,,1.0,OP00327784,2024/11/22,AR-SIP-441360-NC-RFQ,Digital Inclusion and Innovation in Public Services in Argentina,https://projects.worldbank.org/en/projects-operations/procurement-detail/OP00327784
P159843,Contract Award,Argentina,2024,World Bank,MDB-financed,IBRD89910,Housing Construction; Sub-National Government; Social Protection; Water Supply; Sanitation,consulting,,USD,42000.0,Month,5.0,152.0,Individual Consultant,Argentina,,,1.0,1.0,,,,,,Individual Consultant Selection,,,,1.0,OP00329863,2022/08/03,AR-OPISU-301815-CS-INDV,Metropolitan Buenos Aires Urban Transformation Project,https://projects.worldbank.org/en/projects-operations/procurement-detail/OP00329863
P176781,Contract Award,Argentina,2024,World Bank,MDB-financed,IBRD93370,Social Protection; Public Administration - Social Protection,goods,,USD,349313.16,Day,10.0,10.0,ACSYS,Argentina,,,1.0,1.0,,,,,,Direct Selection,,,,1.0,OP00328880,2024/12/16,AR-MTESS-389248-NC-DIR,Promoting Better Jobs through Integrated Labor and Skills Programs,https://projects.worldbank.org/en/projects-operations/procurement-detail/OP00328880
P176905,Contract Award,Argentina,2024,World Bank,MDB-financed,IBRD93130,"Agricultural Extension, Research, and Other Support Activities; Agricultural markets, commercialization and agri-business; Public Administration - Agriculture, Fishing & Forestry",goods,,USD,113896.0,Day,1890.0,1890.0,DATAWISE SA,Argentina,,,3.0,0.0,Argentina,104390.00,Argentina; Argentina; Argentina,USD; USD; USD,104390.00; 149461.47; 188400.00,Request for Bids,,,,1.0,OP00325409,2023/04/10,AR-UCAR-305964-GO-RFB,Climate Intelligent and Inclusive Agri-food Systems Project,https://projects.worldbank.org/en/projects-operations/procurement-detail/OP00325409
P163115,Contract Award,Argentina,2024,World Bank,MDB-financed,IBRD88100,Other Transportation; Public Administration - Transportation,consulting,,USD,1000.0,Month,1.0,30.0,Individual Consultant,Argentina,,,1.0,1.0,,,,,,Individual Consultant Selection,,,,1.0,OP00325176,2022/03/02,AR-DNV-262957-CS-INDV,Northwestern Road Development Corridor Project,https://projects.worldbank.org/en/projects-operations/procurement-detail/OP00325176
P178553,Contract Award,Argentina,2024,World Bank,MDB-financed,IBRD95210,Other Energy and Extractives; Public Administration - Energy and Extractives; Renewable Energy Solar; Energy Transmission and Distribution,works,,USD,2149340.28,Month,3.0,92.0,MEGA SRL,Argentina,,,5.0,0.0,Argentina,2352613.09,Argentina; Argentina; Argentina; Argentina; Argentina,USD,2352613.09,Request for Bids,,,,1.0,OP00307376,2021/10/14,AR-SE-226306-CW-RFB,Clean Energy for Vulnerable Households and Communities Project,https://projects.worldbank.org/en/projects-operations/procurement-detail/OP00307376
P168911,Contract Award,Argentina,2024,World Bank,MDB-financed,IBRD89990,Tertiary Education; Primary Education; Public Administration - Education; Secondary Education,consulting,,USD,5300.0,Day,45.0,45.0,Individual Consultant,Argentina,,,1.0,1.0,,,,,,Individual Consultant Selection,,,,1.0,OP00322158,2024/08/21,AR-ME-439945-CS-INDV,Improving Inclusion in Secondary and Higher Education,https://projects.worldbank.org/en/projects-operations/procurement-detail/OP00322158
P162316,Invitation for Bids,Argentina,2024,World Bank,MDB-financed,IBRD88670,"Public Administration - Agriculture, Fishing & Forestry; Agricultural Extension, Research, and Other Support Activities; ICT Infrastructure; Irrigation and Drainage",goods,,USD,23172500.0,,,,,,,,,,,,,,,Request for Bids,,,,,OP00316505,,AR-UCAR-451253-GO-RFB,Integrated Risk Management in the Rural Agroindustrial System,https://projects.worldbank.org/en/projects-operations/procurement-detail/OP00316505
P161798,Contract Award,Argentina,2024,World Bank,MDB-financed,IBRD87360,"Irrigation and Drainage; Other Water Supply, Sanitation and Waste Management; Public Administration - Water, Sanitation and Waste Management",consulting,,USD,6971.0,Day,61.0,61.0,Individual Consultant,Argentina,,,1.0,1.0,,,,,,Individual Consultant Selection,,,,1.0,OP00320422,2024/10/23,AR-UCEPO-449813-CS-INDV,Salado Integrated River Basin Management Support Project,https://projects.worldbank.org/en/projects-operations/procurement-detail/OP00320422
P175138,Contract Award,Argentina,2024,World Bank,MDB-financed,IBRD92320,Railways; Public Administration - Transportation,consulting,,USD,15800.0,Day,15.0,15.0,ESTUDIO VILLARES Y ASOCIADOS S.R.L,Argentina,,,1.0,1.0,,,,,,Direct Selection,,,,1.0,OP00307028,2024/06/14,AR-DGPPSE - ADIF-395730-CS-CDS,Buenos Aires – Mitre Passenger Railway Line Modernization Project,https://projects.worldbank.org/en/projects-operations/procurement-detail/OP00307028
P105680,Contract Award,Argentina,2024,World Bank,MDB-financed,IBRD92520,"Sanitation; Public Administration - Water, Sanitation and Waste Management; Other Water Supply, Sanitation and Waste Management; Water Supply; Other Transportation; Other Public Administration; Other Water Supply, Sanitation and Waste Management; Central Government (Central Agencies)",consulting,,USD,4000.0,Month,2.0,61.0,RICARDO CESAR SENESI,Argentina,,,1.0,1.0,,,,,,Direct Selection,,,,1.0,OP00305953,2024/07/30,AR-UCOFI-440339-CS-CDS,Matanza-Riachuelo Basin Sustainable Development Project,https://projects.worldbank.org/en/projects-operations/procurement-detail/OP00305953
P159929,Contract Award,Argentina,2024,World Bank,MDB-financed,IBRD87120,Sub-National Government; Public Administration - Financial Sector,consulting,,ARS,14458600.0,Day,30.0,30.0,LATIN GRÁFICA S.R.L.,Argentina,,,2.0,0.0,Argentina,15800000.00,Argentina; Argentina,ARS; ARS,16100000.00; 15800000.00,Request for Quotations,,,,1.0,OP00305496,2023/10/17,AR-MDTH-375612-NC-RFQ,Integrated Habitat and Housing Project,https://projects.worldbank.org/en/projects-operations/procurement-detail/OP00305496
P170329,Contract Award,Argentina,2024,World Bank,MDB-financed,IBRD90070,Social Protection; Energy Transmission and Distribution; Public Administration - Social Protection,consulting,,USD,3321.0,Month,1.0,30.0,Individual Consultant,Argentina,,,1.0,1.0,,,,,,Individual Consultant Selection,,,,1.0,OP00255481,2023/03/13,AR-DPOMFB-311636-CS-INDV,Social Safety Nets for Vulnerable Populations in the Province of Buenos Aires,https://projects.worldbank.org/en/projects-operations/procurement-detail/OP00255481
P163345,Contract Award,Argentina,2024,World Bank,MDB-financed,IBRD88530,Health; Public Administration - Health,consulting,,USD,216277.0,Month,24.0,732.0,INTERNATIONAL HEALTH TERMINOLOGY STANDARS DEVELOPMENT ORGANISATION,United Kingdom,,,1.0,1.0,,,,,,Direct Selection,,,,0.0,OP00290828,2024/05/10,AR-MSAL-364589-NC-DIR,Supporting Effective Universal Health Coverage in Argentina,https://projects.worldbank.org/en/projects-operations/procurement-detail/OP00290828
P175143,Contract Award,Argentina,2024,World Bank,MDB-financed,IBRD94340,"Other Industry, Trade and Services; Public Administration - Industry, Trade and Services",consulting,,USD,10500.0,Month,12.0,366.0,Individual Consultant,Argentina,,,1.0,1.0,,,,,,Individual Consultant Selection,,,,1.0,OP00283330,2023/05/23,AR-MINCYT-354035-CS-INDV,Innovation Program for Smart Growth (PINCRI),https://projects.worldbank.org/en/projects-operations/procurement-detail/OP00283330
P180456,Contract Award,Argentina,2024,World Bank,MDB-financed,IBRD95870,Capital Markets; Banking Institutions; Public Administration - Financial Sector,goods,,USD,70058.0,Day,120.0,120.0,WISE AND SMART SOLUTIONS SOCIEDAD DE RESPONSABILIDAD LIMITADA,Argentina,,,1.0,1.0,,,,,,Request for Quotations,,,,1.0,OP00275714,2024/01/29,AR-BICE-375886-GO-RFQ,"Access to Sustainable Finance for Micro, Small and Medium Enterprises Project",https://projects.worldbank.org/en/projects-operations/procurement-detail/OP00275714
P133288,Contract Award,Argentina,2024,World Bank,MDB-financed,IBRD84840,Renewable Energy Solar; Renewable Energy Solar,consulting,,USD,3998.0,Month,2.0,61.0,Individual Consultant,Argentina,,,1.0,1.0,,,,,,Individual Consultant Selection,,,,1.0,OP00274382,2023/10/26,AR-SE-384650-CS-INDV,Argentina Renewable Energy for Rural Areas Project,https://projects.worldbank.org/en/projects-operations/procurement-detail/OP00274382
P172592,Request for Expression of Interest,Belize,2024,World Bank,MDB-financed,IBRD93470,"Agricultural Extension, Research, and Other Support Activities; Public Administration - Agriculture, Fishing & Forestry",consulting,,USD,86400.0,,,,,,,,,,,,,,,Individual Consultant Selection,,,,,OP00329489,,BZ-SIF-462290-CS-INDV,Climate Resilient and Sustainable Agriculture Project,https://projects.worldbank.org/en/projects-operations/procurement-detail/OP00329489
P177987,Invitation for Bids,Belize,2024,World Bank,MDB-financed,IBRD93440,Health; Public Administration - Health; Health Facilities and Construction,works,,USD,180000.0,,,,,,,,,,,,,,,Request for Quotations,,,,,OP00329253,,BZ-MOHW-460979-CW-RFQ,Belize COVID-19 Response Project,https://projects.worldbank.org/en/projects-operations/procurement-detail/OP00329253
P179520,Request for Expression of Interest,Belize,2024,World Bank,MDB-financed,TFC2805,energy,consulting,,USD,275000.0,,,,,,,,,,,,,,,Quality And Cost-Based Selection,,,1.0,,OP00309096,,BZ-CEU-429313-CS-QCBS,Belize Reliant and Resilient Energy System Project,https://projects.worldbank.org/en/projects-operations/procurement-detail/OP00309096
P149522,Contract Award,Belize,2024,World Bank,MDB-financed,TFA2887,Energy Transmission and Distribution; Public Administration - Energy and Extractives,goods,,USD,1541716.99,Month,8.0,244.0,ANIXTER INC.,United States,,,1.0,1.0,,,,,,Request for Bids,,,,0.0,OP00308819,2024/08/30,BZ-BEL-98765-GO-RFB,Belize Energy Resilience for Climate Adaptation (GEF/SCCF),https://projects.worldbank.org/en/projects-operations/procurement-detail/OP00308819
P165861,Contract Award,Bolivia,2024,World Bank,MDB-financed,IDA65170,"Sub-National Government; Urban Transport; Other Water Supply, Sanitation and Waste Management",consulting,,USD,30000.0,Day,363.0,363.0,Individual Consultant,Bolivia,,,1.0,1.0,,,,,,Individual Consultant Selection,,,,1.0,OP00330167,2024/12/12,UODPRU-CS-INDV-018,Bolivia Urban Resilience,https://projects.worldbank.org/en/projects-operations/procurement-detail/OP00330167
P180027,General Procurement Notice,Bolivia,2024,World Bank,MDB-financed,,energy,,,USD,,,,,,,,,,,,,,,,,,,,,OP00321873,,,Bolivia Improving Sustainable Access to Electricity Project (IDTR III),https://projects.worldbank.org/en/projects-operations/procurement-detail/OP00321873
P175672,Contract Award,Bolivia,2024,World Bank,MDB-financed,IBRD94370,"Public Administration - Agriculture, Fishing & Forestry; Other Agriculture, Fishing and Forestry; Agricultural Extension, Research, and Other Support Activities; Agricultural markets, commercialization and agri-business",consulting,,USD,69980.0,Day,90.0,90.0,Individual Consultant,Bolivia,,,1.0,1.0,,,,,,Individual Consultant Selection,,,,1.0,OP00318410,2024/06/20,BO-EMPODERAR-379660-CS-INDV,Innovation for Resilient Food Systems (Alianzas Rurales - PAR III) Project,https://projects.worldbank.org/en/projects-operations/procurement-detail/OP00318410
P152281,Contract Award,Bolivia,2024,World Bank,MDB-financed,IBRD86480,Rural and Inter-Urban Roads; Public Administration - Transportation,consulting,,USD,21088.0,Day,138.0,138.0,Individual Consultant,Bolivia,,,1.0,1.0,,,,,,Individual Consultant Selection,,,,1.0,OP00313105,2024/08/12,BO-ABC-355822-CS-INDV,Santa Cruz Road Corridor Connector Project (San Ignacio - San Jose),https://projects.worldbank.org/en/projects-operations/procurement-detail/OP00313105
P144597,Contract Award,Bolivia,2024,World Bank,MDB-financed,IDA57440,Rural and Inter-Urban Roads; Public Administration - Transportation,consulting,,USD,543600.0,Month,6.0,183.0,MCLATAM S.A.,Argentina,,,1.0,1.0,,,,,,Quality And Cost-Based Selection,,,,0.0,OP00311155,2024/01/02,BO-ABC-238353-CS-QCBS,BO Road Sector Capacity Development Project,https://projects.worldbank.org/en/projects-operations/procurement-detail/OP00311155
P164453,Contract Award,Bolivia,2024,World Bank,MDB-financed,IBRD88680,Public Administration - Health; Health; Health Facilities and Construction,consulting,,USD,121953.21,Day,180.0,180.0,BIFROST S.R.L.,Bolivia,,,1.0,1.0,,,,,,Quality And Cost-Based Selection,,,,1.0,OP00290892,2022/12/15,BM-REDES-CP-004/2022,Health Service Delivery Network Project,https://projects.worldbank.org/en/projects-operations/procurement-detail/OP00290892
P158000,Contract Award,Brazil,2024,World Bank,MDB-financed,TFA6056,"Forestry; Public Administration - Agriculture, Fishing & Forestry; Agricultural markets, commercialization and agri-business; Other Agriculture, Fishing and Forestry",consulting,,USD,10617.3,Month,3.0,92.0,Individual Consultant,Brasil,,,1.0,1.0,,,,,,Individual Consultant Selection,,,,0.0,OP00330931,2024/12/20,BR-CI-441898-CS-INDV,Amazon Sustainable Landscapes Project,https://projects.worldbank.org/en/projects-operations/procurement-detail/OP00330931
P176982,Request for Expression of Interest,Brazil,2024,World Bank,MDB-financed,,"Public Administration - Water, Sanitation and Waste Management; Sub-National Government; Other Water Supply, Sanitation and Waste Management; Forestry",consulting,,USD,180000.0,,,,,,,,,,,,,,,Individual Consultant Selection,,,,,OP00330926,,BR-AGERH-ES-335521-CS-INDV,Brazil: Espirito Santo Water Security Management Project,https://projects.worldbank.org/en/projects-operations/procurement-detail/OP00330926
P163868,Contract Award,Brazil,2024,World Bank,MDB-financed,IBRD88130,Secondary Education; Public Administration - Education,consulting,,USD,30653.62,Month,10.0,305.0,Individual Consultant,Brasil,,,1.0,1.0,,,,,,Individual Consultant Selection,,,,0.0,OP00330938,2022/02/18,CI. 61.4 - C0RRETA,Support to Upper Secondary Reform in Brazil Operation,https://projects.worldbank.org/en/projects-operations/procurement-detail/OP00330938
P147158,Contract Award,Brazil,2024,World Bank,MDB-financed,IBRD86390,"Agricultural markets, commercialization and agri-business; Water Supply; Other Agriculture, Fishing and Forestry; Public Administration - Water, Sanitation and Waste Management",works,,BRL,16156279.8,Day,90.0,90.0,HYDROGEO PROJETOS E SERVIÇOS EIRELI,Brazil,,,1.0,1.0,,,,,,Request for Bids,,,,1.0,OP00312594,2024/06/14,BR-COOPERAR - PB-370258-CW-RFB,Paraiba Sustainable Rural Development,https://projects.worldbank.org/en/projects-operations/procurement-detail/OP00312594
P165055,Contract Award,Brazil,2024,World Bank,MDB-financed,IBRD90060,"Water Supply; Other Water Supply, Sanitation and Waste Management; Public Administration - Water, Sanitation and Waste Management",goods,,BRL,197019.0,Month,12.0,366.0,LENOVO TECNOLOGIA (BRASIL) LIMITADA,Brasil,,,1.0,1.0,,,,,,Request for Quotations,,,,0.0,OP00329450,2024/10/30,BR-COGERH-CE-05-GO-RFQ,Ceará Water Security and Governance,https://projects.worldbank.org/en/projects-operations/procurement-detail/OP00329450
P167455,Contract Award,Brazil,2024,World Bank,MDB-financed,IBRD89860,"Agricultural markets, commercialization and agri-business; Public Administration - Agriculture, Fishing & Forestry; Other Water Supply, Sanitation and Waste Management; Water Supply; Social Protection; Sanitation",consulting,,USD,59210.22,Year,2.0,732.0,Individual Consultant,Brasil,,,1.0,1.0,,,,,,Individual Consultant Selection,,,,0.0,OP00329453,2024/12/18,BR-IAC-441132-CS-INDV-CO,Ceara Rural Sustainable Development and Competitiveness Phase II,https://projects.worldbank.org/en/projects-operations/procurement-detail/OP00329453
P169140,Contract Award,Brazil,2024,World Bank,MDB-financed,IBRD90810,Urban Transport; Rural and Inter-Urban Roads; Public Administration - Transportation,works,,BRL,84551270.06,Month,18.0,549.0,MENDES HOLLER ENGENHARIA COMÉRCIO E CONSULTORIA LTDA,Brasil,,,1.0,1.0,,,,,,Request for Bids,,,,0.0,OP00327770,2024/11/05,BR-SMT/SPTRANS -195203-CW-RFB,São Paulo Aricanduva Bus Rapid Transit Corridor,https://projects.worldbank.org/en/projects-operations/procurement-detail/OP00327770
P165683,Invitation for Bids,Brazil,2024,World Bank,MDB-financed,IBRD89310,"Public Administration - Water, Sanitation and Waste Management; Water Supply; Sanitation",works,,USD,26000000.0,,,,,,,,,,,,,,,Request for Bids,,,,,OP00327139,,BR-SEIRHMA-216170-CW-RFB,Paraiba Improving Water Resources Management and Services Provision,https://projects.worldbank.org/en/projects-operations/procurement-detail/OP00327139
P172605,Request for Expression of Interest,Brazil,2024,World Bank,MDB-financed,IBRD91620,Health; Secondary Education; Primary Education; Social Protection; Other Public Administration,consulting,,USD,109818.0,,,,,,,,,,,,,,,Least Cost Selection,,,,,OP00322006,,BR-CASA CIVIL-447231-CS-LCS,Salvador Social Multi-Sector Service Delivery Project II,https://projects.worldbank.org/en/projects-operations/procurement-detail/OP00322006
P178663,Request for Expression of Interest,Brazil,2024,World Bank,MDB-financed,IBRD95930,Central Government (Central Agencies); Insurance and Pension; Social Protection; ICT Services; Health,consulting,,USD,24120.32,,,,,,,,,,,,,,,Individual Consultant Selection,,,,,OP00326816,,BR-SEDUC-PI-443168-CS-INDV,Progestão Piauí: Public Sector Management Efficiency,https://projects.worldbank.org/en/projects-operations/procurement-detail/OP00326816
P152285,Contract Award,Brazil,2024,World Bank,MDB-financed,TFA6065,"Public Administration - Agriculture, Fishing & Forestry; Forestry",consulting,,USD,15000.0,Month,3.0,92.0,IRIS ROITMAN,Brasil,,,1.0,1.0,,,,,,Direct Selection,,,,0.0,OP00325329,2023/03/21,BR-FUNATURA-339309-CS-CDS,Brazil Investment Plan Coordination Project,https://projects.worldbank.org/en/projects-operations/procurement-detail/OP00325329
P179046,Contract Award,Brazil,2024,World Bank,MDB-financed,IBRD95830,Public Administration - Education; Public Administration - Social Protection; Sub-National Government; Central Government (Central Agencies); Public Administration - Health,consulting,,USD,98500.0,Month,24.0,732.0,Individual Consultant,Brasil,,,1.0,1.0,,,,,,Individual Consultant Selection,,,,0.0,OP00325093,2024/11/18,BR-SEPLAN - AC-365008-CS-INDV-SEPLAN 3.0,Progestão Acre: Public Sector Management Efficiency,https://projects.worldbank.org/en/projects-operations/procurement-detail/OP00325093
P165695,Invitation for Bids,Brazil,2024,World Bank,MDB-financed,IBRD89160,Water Supply; Sanitation,works,,USD,8200000.0,,,,,,,,,,,,,,,Request for Bids,,,,,OP00324224,,BR-SABESP-299720-CW-RFB,SABESP - IMPROVING WATER SERVICE ACCESS AND SECURITY IN THE METROPOLITAN REGION OF SÃO PAULO PROJEC,https://projects.worldbank.org/en/projects-operations/procurement-detail/OP00324224
P504276,Request for Expression of Interest,Brazil,2024,World Bank,MDB-financed,,energy,consulting,,USD,22355994.0,,,,,,,,,,,,,,,Quality And Cost-Based Selection,,,1.0,,OP00322661,,10017850 - BR-METRO SP-439942-CS-QCBS,SP Metro Line 2,https://projects.worldbank.org/en/projects-operations/procurement-detail/OP00322661
P170850,Request for Expression of Interest,Brazil,2024,World Bank,MDB-financed,IBRD90740,Public Administration - Energy and Extractives; Mining; Oil and Gas; Other Energy and Extractives,consulting,,USD,210000.0,,,,,,,,,,,,,,,Quality Based Selection,,,1.0,,OP00319180,,36.1 BR-MME-399798-CS-QBS CONTINUAÇÃO,Energy and Mineral Sectors Strengthening Project II,https://projects.worldbank.org/en/projects-operations/procurement-detail/OP00319180
P179088,Contract Award,Brazil,2024,World Bank,MDB-financed,IBRD95840,Public Administration - Education; Public Administration - Social Protection; Central Government (Central Agencies); Sub-National Government; Public Administration - Health,consulting,,BRL,70000.0,Year,2.0,732.0,SÁ LEITÃO AUDITORES S/S,Brasil,,,6.0,0.0,Brasil,74400.00,Brasil; Brasil; Brasil; Brasil; Brasil; Brasil,BRL; BRL; BRL; BRL; BRL; BRL,158440.00; 137820.00; 195480.00; 100000.00; 95000.00; 74400.00,Request for Quotations,,,,0.0,OP00319104,2024/10/04,6-SEPLAN,Progestão Tocantins: Public Sector Management Efficiency,https://projects.worldbank.org/en/projects-operations/procurement-detail/OP00319104
P153012,Contract Award,Brazil,2024,World Bank,MDB-financed,IBRD87470,Sub-National Government; Tourism,consulting,,USD,150000.0,Month,7.0,214.0,CERTARE ENGENHARIA E CONSULTORIA LTDA,Brasil,,,1.0,1.0,,,,,,Consultant Qualification  Selection,,,,0.0,OP00318018,2024/10/17,BR-SEUMA-411711-CS-CQS,Fortaleza Sustainable Urban Development Project,https://projects.worldbank.org/en/projects-operations/procurement-detail/OP00318018
P164602,Contract Award,Brazil,2024,World Bank,MDB-financed,TFA8532,"Public Administration - Agriculture, Fishing & Forestry; Forestry; Livestock; Agricultural Extension, Research, and Other Support Activities",consulting,,BRL,50873.0,Month,18.0,549.0,"EVENTOS SENAR/MA, PERÍODO 09/05/2022 A 20/11/2023.",Brazil,,,1.0,1.0,,,,,,Request for Quotations,,,,1.0,OP00314949,2022/05/19,MA BR-SENAR-438767-NC-RFQ,Integrated Landscape Management in the Cerrado Biome Project,https://projects.worldbank.org/en/projects-operations/procurement-detail/OP00314949
P130682,Contract Award,Brazil,2024,World Bank,MDB-financed,IBRD83530,"Sanitation; Water Supply; Public Administration - Water, Sanitation and Waste Management; Forestry; Sanitation; Water Supply; Public Administration - Water, Sanitation and Waste Management; Forestry",consulting,,BRL,2142900.0,Day,30.0,30.0,DUALBASE TECNOLOGIA ELETRONICA LTDA,Brasil,,,1.0,1.0,,,,,,Request for Bids,,,,0.0,OP00306543,2022/07/14,SEAMA-1C4,BR Espirito Santo Integrated Sustainable Water Management Project,https://projects.worldbank.org/en/projects-operations/procurement-detail/OP00306543
P169134,Contract Award,Brazil,2024,World Bank,MDB-financed,IBRD90690,Rural and Inter-Urban Roads; Urban Transport; Public Administration - Transportation; Other Transportation,consulting,,USD,31000.0,Day,270.0,270.0,Individual Consultant,Brasil,,,1.0,1.0,,,,,,Individual Consultant Selection,,,,0.0,OP00294844,2024/03/16,BR-SMOBI-365679-CS-INDV,Improving Mobility and Urban Inclusion in the Amazonas Corridor in Belo Horizonte,https://projects.worldbank.org/en/projects-operations/procurement-detail/OP00294844
P121495,Contract Award,Brazil,2024,World Bank,MDB-financed,IBRD81850,Rural and Inter-Urban Roads; Sub-National Government; Public Administration - Education; Public Administration - Transportation; Other Transportation; Roads and highways; Sub-National Government; Other Public Administration; Other Education,works,,BRL,6012440.43,Day,120.0,120.0,EHL-ELETRO HIDRO LTDA,Brazil,,,1.0,1.0,Brazil,"5,396,018,760.00",Brazil,BRL,"5,396,018,760.00",Request for Bids,,,,1.0,OP00278160,2020/11/24,632,Tocantins Integrated Sustainable Regional Development,https://projects.worldbank.org/en/projects-operations/procurement-detail/OP00278160
P168634,General Procurement Notice,Brazil,2024,World Bank,MDB-financed,,Health; Health Facilities and Construction; Central Government (Central Agencies),,,USD,,,,,,,,,,,,,,,,,,,,,OP00274373,,,Parana Public Sector Modernization and Innovation for Service Delivery Operation,https://projects.worldbank.org/en/projects-operations/procurement-detail/OP00274373
P126452,Contract Award,Brazil,2024,World Bank,MDB-financed,IBRD82760,"Other Agriculture, Fishing and Forestry; Sub-National Government; Other Education; Health; Public Administration - Social Protection; Irrigation and Drainage; Other Agriculture, Fishing and Forestry; Public Administration - Information and Communications Technologies; Other Education; Health",goods,,BRL,322000.0,Day,60.0,60.0,QUALIPIX TECNOLOGIA EM EQUIPAMENTOS AUDIOVISUAIS EIRELI-ME,Brasil,,,2.0,0.0,Brasil,362500.00,Brasil; Brasil,BRL; BRL,362500.00; 374000.00,Request for Quotations,,,,0.0,OP00267703,2023/12/21,ID 320 GO,Rio Grande do Norte: Regional Development and Governance,https://projects.worldbank.org/en/projects-operations/procurement-detail/OP00267703
P179746,Contract Award,Chile,2024,World Bank,MDB-financed,TFC3139,Other Energy and Extractives; Public Administration - Energy and Extractives,consulting,,USD,92500.0,Month,34.0,1037.0,Individual Consultant,Chile,,,1.0,1.0,,,,,,Individual Consultant Selection,,,,1.0,OP00312137,2024/05/31,3.3.1.1,Chile Partnership for Market Implementation,https://projects.worldbank.org/en/projects-operations/procurement-detail/OP00312137
P144271,Contract Award,Colombia,2024,World Bank,MDB-financed,TFB5182,Forestry; Sub-National Government; Central Government (Central Agencies); Forestry; Central Government (Central Agencies); Sub-National Government,consulting,,USD,10089.6,Day,360.0,360.0,Individual Consultant,Colombia,,,1.0,1.0,,,,,,Individual Consultant Selection,,,,1.0,OP00330909,2024/12/30,CO-PNF-466467-CS-INDV,Forest Conservation and Sustainability in the Heart of the Colombian Amazon,https://projects.worldbank.org/en/projects-operations/procurement-detail/OP00330909
P156239,Contract Award,Colombia,2024,World Bank,MDB-financed,IBRD86490,"Public Administration - Water, Sanitation and Waste Management; Water Supply; Waste Management; Sanitation",consulting,,USD,8910.0,Month,6.0,183.0,Individual Consultant,Colombia,,,1.0,1.0,,,,,,Individual Consultant Selection,,,,1.0,OP00330992,2022/05/16,PTSP-BIRF8649-178,CO Plan PAZcifico:Water Supply and Basic Sanitation Infrastructure and Service Delivery Project,https://projects.worldbank.org/en/projects-operations/procurement-detail/OP00330992
P172535,Contract Award,Colombia,2024,World Bank,MDB-financed,IBRD92460,"Housing Construction; Social Protection; Public Administration - Industry, Trade and Services",consulting,,USD,4199.0,Day,36.0,36.0,Individual Consultant,Colombia,,,1.0,1.0,,,,,,Individual Consultant Selection,,,,1.0,OP00330656,2024/11/18,CO-MINVIVIENDA-458604-CS-INDV,Colombia: Resilient and Inclusive Housing Project,https://projects.worldbank.org/en/projects-operations/procurement-detail/OP00330656
P162594,Contract Award,Colombia,2024,World Bank,MDB-financed,IBRD89370,"Other Public Administration; ICT Infrastructure; Public Administration - Agriculture, Fishing & Forestry",consulting,,COP,3017014306.0,Month,4.0,122.0,CONTROLES EMPRESARIALES S.A.S.,Colombia,,,4.0,0.0,Colombia,2507158924.00,Colombia; Colombia; Colombia; Colombia,COP; COP; COP; COP,3183879641.00; 3505609390.00; 2793556232.00; 2507158924.00,Request for Quotations,,,,1.0,OP00330657,2024/09/18,CO-IGAC-400441-NC-RFQ,Multipurpose Cadaster Project,https://projects.worldbank.org/en/projects-operations/procurement-detail/OP00330657
P167830,Contract Award,Colombia,2024,World Bank,MDB-financed,TFB0740,"Tourism; Agricultural markets, commercialization and agri-business; Forestry; Public Administration - Agriculture, Fishing & Forestry; Agricultural Extension, Research, and Other Support Activities",consulting,,COP,16182166.0,Week,1.0,7.0,HOTELES DE YOPAL SOCIEDAD POR ACCIONES SIMPLIFICADA,Colombia,,,1.0,1.0,,,,,,Request for Quotations,,,,1.0,OP00329438,2024/11/27,CO-WWF-436627-NC-RFQ,Orinoquia Integrated Sustainable Landscapes,https://projects.worldbank.org/en/projects-operations/procurement-detail/OP00329438
P160680,Contract Award,Colombia,2024,World Bank,MDB-financed,TFA6376,"Forestry; Other Agriculture, Fishing and Forestry; Public Administration - Agriculture, Fishing & Forestry",consulting,,USD,9169.0,Month,3.5,107.0,Individual Consultant,Colombia,,,1.0,1.0,,,,,,Individual Consultant Selection,,,,1.0,OP00326318,2023/09/05,CO-MADR-346101-CS-INDV,Sustainable Low-Carbon Development in Orinoquia region Project,https://projects.worldbank.org/en/projects-operations/procurement-detail/OP00326318
P156880,Contract Award,Colombia,2024,World Bank,MDB-financed,IBRD87980,"Ports/Waterways; Public Administration - Water, Sanitation and Waste Management; Sanitation; Public Administration - Transportation; Water Supply",consulting,,USD,23731.0,Month,6.0,183.0,Individual Consultant,Colombia,,,1.0,1.0,,,,,,Individual Consultant Selection,,,,1.0,OP00323204,2023/09/21,PTSP-BIRF-8798-153,Enhancing Waterway Connectivity and Water Service Provision in Colombia’s Plan Pazcifico,https://projects.worldbank.org/en/projects-operations/procurement-detail/OP00323204
P123879,Contract Award,Colombia,2024,World Bank,MDB-financed,IBRD83200,Central Government (Central Agencies); Sub-National Government; Central Government (Central Agencies); Sub-National Government,consulting,,USD,25093.0,Month,6.0,183.0,Individual Consultant,Colombia,,,1.0,1.0,,,,,,Individual Consultant Selection,,,,1.0,OP00302488,2019/12/27,CO-DNP-150144-CS-INDV,Subnational Institutional Strengthening,https://projects.worldbank.org/en/projects-operations/procurement-detail/OP00302488
P178167,General Procurement Notice,Colombia,2024,World Bank,MDB-financed,,Central Government (Central Agencies),,,USD,,,,,,,,,,,,,,,,,,,,,OP00296691,,,Colombia Partnership for Market Implementation,https://projects.worldbank.org/en/projects-operations/procurement-detail/OP00296691
P172352,Contract Award,Costa Rica,2024,World Bank,MDB-financed,IBRD90750,Public Administration - Information and Communications Technologies; ICT Services; Trade; Central Government (Central Agencies),consulting,,USD,125000.0,Month,18.0,549.0,DESPACHO CARVAJAL Y COLEGIADOS CONTADORES PÚBLICOS AUTORIZADOS,Costa Rica,,,1.0,1.0,,,,,,Least Cost Selection,,,,1.0,OP00325579,2024/11/28,CR-MOF-432354-CS-LCS,Costa Rica Fiscal Management Improvement Project,https://projects.worldbank.org/en/projects-operations/procurement-detail/OP00325579
P166537,Contract Award,Dominica,2024,World Bank,MDB-financed,IDAD3070,"Housing Construction; Public Administration - Industry, Trade and Services",consulting,,XCD,2500.0,Week,5.0,35.0,KENDELL LAWRENCE,Dominica,,,34.0,0.0,Dominica,2500.00,Dominica; Dominica; Dominica; Dominica; Dominica; Dominica; Dominica; Dominica; Dominica; Dominica; Dominica; Dominica; Dominica; Dominica; Dominica; Dominica; Dominica; Dominica; Dominica; Dominica; Dominica; Dominica; Dominica; Dominica; Dominica; Dominica; Dominica; Dominica; Dominica; Dominica; Dominica; Dominica; Dominica; Dominica,XCD; XCD; XCD; XCD; XCD; XCD; XCD; XCD; XCD; XCD; XCD; XCD; XCD; XCD; XCD; XCD; XCD; XCD; XCD; XCD; XCD; XCD; XCD; XCD; XCD; XCD; XCD; XCD; XCD; XCD; XCD; XCD; XCD; XCD,2500.00; 2500.00; 2500.00; 2500.00; 2500.00; 2500.00; 2500.00; 2500.00; 2500.00; 2500.00; 2500.00; 2500.00; 2500.00; 2500.00; 2500.00; 2500.00; 2500.00; 2500.00; 2500.00; 2500.00; 2500.00; 2500.00; 2500.00; 2500.00; 2500.00; 2500.00; 2500.00; 2500.00; 2500.00; 2500.00; 2500.00; 2500.00; 2500.00; 2500.00,Direct Selection,,,,1.0,OP00331062,2024/12/31,DM-MOH-446870-NC-DIR,Housing Recovery Project,https://projects.worldbank.org/en/projects-operations/procurement-detail/OP00331062
P162149,Contract Award,Dominica,2024,World Bank,MDB-financed,IDA63760,Renewable Energy Geothermal,consulting,,USD,200000.0,Day,52.0,52.0,BCQS INTERNATIONAL,Barbados,,,1.0,1.0,,,,,,Direct Selection,,,,0.0,OP00330945,2024/12/10,DM-DGDC-459357-CS-CQS,Dominica Geothermal Risk Mitigation Project,https://projects.worldbank.org/en/projects-operations/procurement-detail/OP00330945
P166328,Invitation for Bids,Dominica,2024,World Bank,MDB-financed,IDA75490,"Agricultural Extension, Research, and Other Support Activities; Fisheries; Crops; Public Administration - Agriculture, Fishing & Forestry; Livestock; Other Agriculture, Fishing and Forestry",goods,,USD,808306.0,,,,,,,,,,,,,,,Request for Bids,,,,,OP00328476,,DM-MAF-362242-GO-RFB,Emergency Agricultural Livelihoods and Climate Resilience Project,https://projects.worldbank.org/en/projects-operations/procurement-detail/OP00328476
P170846,Request for Expression of Interest,Dominica,2024,World Bank,MDB-financed,TFB9551,"Tourism; Public Administration - Industry, Trade and Services; Forestry",consulting,,USD,40000.0,,,,,,,,,,,,,,,Individual Consultant Selection,,,,,OP00316230,,DM-MOERMKU-455393-CS-INDV,Leveraging Eco-Tourism for Biodiversity Protection in Dominica,https://projects.worldbank.org/en/projects-operations/procurement-detail/OP00316230
P179845,Contract Award,Dominica,2024,World Bank,MDB-financed,,Renewable Energy Geothermal; Renewable Energy Solar,works,,USD,38967765.5,Month,30.0,915.0,KALPATARU PROJECTS INTERNATIONAL LIMITED,India,,,1.0,1.0,India,39696160.71,India,USD,39696160.71,Request for Bids,,,,0.0,OP00305729,2024/07/18,DM-DGDC-384816-CW-RFB,Dominica Geothermal Risk Mitigation II Project,https://projects.worldbank.org/en/projects-operations/procurement-detail/OP00305729
P129992,Contract Award,Dominica,2024,World Bank,MDB-financed,IDA63140,"Other Transportation; Other Water Supply, Sanitation and Waste Management; Water Supply; Other Public Administration; Other Transportation; Other Water Supply, Sanitation and Waste Management; Water Supply; Other Public Administration",consulting,,USD,36000.0,Year,1.0,366.0,Individual Consultant,Dominica,,,1.0,1.0,,,,,,Individual Consultant Selection,,,,1.0,OP00300895,2024/07/08,DM-CSU-435650-CS-INDV,Third Phase Disaster Vuln.Reduction APL for Dominica,https://projects.worldbank.org/en/projects-operations/procurement-detail/OP00300895
P171778,Contract Award,Dominican Republic,2024,World Bank,MDB-financed,IBRD92420,"Waste Management; Sanitation; Public Administration - Water, Sanitation and Waste Management; Water Supply",consulting,,USD,10000.0,Month,12.0,366.0,Individual Consultant,República Dominicana,,,1.0,1.0,,,,,,Individual Consultant Selection,,,,0.0,OP00330154,2024/11/05,DO-INAPA-026-2024-CS-INDV,Water Supply and Wastewater Services Improvement Project,https://projects.worldbank.org/en/projects-operations/procurement-detail/OP00330154
P163260,Contract Award,Dominican Republic,2024,World Bank,MDB-financed,IBRD89120,"Water Supply; Sanitation; Other Water Supply, Sanitation and Waste Management; Public Administration - Water, Sanitation and Waste Management; Other Agriculture, Fishing and Forestry; Irrigation and Drainage",goods,,USD,8820.5,Day,10.0,10.0,INVERSIONES SALDIVAR Y SOSA (INVERSALYSO,República Dominicana,,,1.0,1.0,,,,,,Request for Quotations,,,,0.0,OP00329199,2024/12/10,DO-RAWRM-408084-GO-RFQ,DR Resilient Agriculture and Integrated Water Resources Management,https://projects.worldbank.org/en/projects-operations/procurement-detail/OP00329199
P170848,Contract Award,Dominican Republic,2024,World Bank,MDB-financed,TFB7197,"Forestry; Agricultural Extension, Research, and Other Support Activities; Public Administration - Agriculture, Fishing & Forestry",goods,,DOP,312935.12,Month,3.0,92.0,EDYJCSA SRL,República Dominicana,,,3.0,0.0,República Dominicana,332553.00,República Dominicana; República Dominicana; República Dominicana,DOP; DOP; DOP,332553.00; 454642.20; 384615.10,Request for Quotations,,,,0.0,OP00328703,2024/10/07,DO-ILMW-350177-GO-RFQ,Integrated Landscape Management in Dominican Republic Watersheds,https://projects.worldbank.org/en/projects-operations/procurement-detail/OP00328703
P177823,Contract Award,Dominican Republic,2024,World Bank,MDB-financed,IBRD94900,"Public Administration - Water, Sanitation and Waste Management; Other Energy and Extractives; Agricultural Extension, Research, and Other Support Activities; Central Government (Central Agencies); Other Water Supply, Sanitation and Waste Management; Water Supply; Sanitation",consulting,,DOP,978000.0,Year,2.0,732.0,JOHANNA VIOLA VENTURA,República Dominicana,,,1.0,1.0,,,,,,Direct Selection,,,,0.0,OP00328433,2024/08/22,DO-MEPYD-411115-CS-INDV,Dominican Republic Water Sector Modernization Program,https://projects.worldbank.org/en/projects-operations/procurement-detail/OP00328433
P179440,Contract Award,Dominican Republic,2024,World Bank,MDB-financed,IBRD95300,Social Protection; Public Administration - Social Protection,consulting,,USD,21658.0,Month,12.0,366.0,MAUREEN MELISSA TEJEDA METZ,República Dominicana,,,1.0,1.0,,,,,,Direct Selection,,,,0.0,OP00326941,2024/10/24,DO-SUPERATE-441499-CS-CDS,Integrated Social Protection Inclusion and Resilience Project (INSPIRE),https://projects.worldbank.org/en/projects-operations/procurement-detail/OP00326941
P179751,Contract Award,Dominican Republic,2024,World Bank,MDB-financed,TFC1065,Social Protection; Public Administration - Social Protection,goods,,DOP,1309401.16,Month,1.0,30.0,ITCORP GONGLOSS,República Dominicana,,,1.0,1.0,,,,,,Request for Quotations,,,,0.0,OP00324246,2024/11/13,DO-MRHM-361349-GO-RFQ,SPF: Dominican Republic Multisectoral Response to Human Mobility,https://projects.worldbank.org/en/projects-operations/procurement-detail/OP00324246
P178564,Contract Award,Ecuador,2024,World Bank,MDB-financed,IBRD94210,Central Government (Central Agencies); ICT Services,consulting,,USD,30636.17,Day,61.0,61.0,DE TRANSPORTE PUBLICO EN CAMIONETAS MIXTA FEDERICO GONZÁLEZ SUÁREZ,Ecuador,,,1.0,1.0,,,,,,Request for Quotations,,,,1.0,OP00330942,2024/10/21,EC-INEC-446387-NC-RFQ,Strengthening the National Statistical System in Ecuador Project,https://projects.worldbank.org/en/projects-operations/procurement-detail/OP00330942
P167416,Contract Award,Ecuador,2024,World Bank,MDB-financed,IBRD93880,Social Protection; Public Administration - Social Protection,consulting,,USD,51750.0,Day,97.0,97.0,DELOITTE & TOUCHE ECUADOR CIA. LTDA.,Ecuador,,,1.0,1.0,,,,,,Consultant Qualification  Selection,,,,1.0,OP00330664,2024/12/26,EC-SENPLADES-452339-CS-CQS,Social Safety Net Project,https://projects.worldbank.org/en/projects-operations/procurement-detail/OP00330664
P504400,Request for Expression of Interest,Ecuador,2024,World Bank,MDB-financed,IBRD97220,ICT,consulting,,USD,180000.0,,,,,,,,,,,,,,,Quality And Cost-Based Selection,,,,,OP00328858,,EC-PREFGUAYAS-462678-CS-QCBS,Ecuador Guayas: Resilient Rural Roads,https://projects.worldbank.org/en/projects-operations/procurement-detail/OP00328858
P147280,Contract Award,Ecuador,2024,World Bank,MDB-financed,IBRD85790,"Urban Transport; Other Industry, Trade and Services; Sub-National Government; Urban Transport; Other Industry, Trade and Services; Sub-National Government",consulting,,USD,760000.0,Day,165.0,165.0,CUADRA URBANISMO S.A. DE C.V.,México,,,1.0,1.0,,,,,,Quality And Cost-Based Selection,,,,0.0,OP00325202,2022/10/03,EC-GAD-I-2021-CS-SBCC-04,EC Ibarra Transport Infrastructure Improvement Project,https://projects.worldbank.org/en/projects-operations/procurement-detail/OP00325202
P151439,Contract Award,Ecuador,2024,World Bank,MDB-financed,IBRD88880,Sanitation; Sanitation,consulting,,USD,80640.0,Month,14.0,427.0,Individual Consultant,Ecuador,,,1.0,1.0,,,,,,Individual Consultant Selection,,,,1.0,OP00324966,2024/08/26,EC-EMAPAG-CS-INDV-031,EC Guayaquil Wastewater Management Project,https://projects.worldbank.org/en/projects-operations/procurement-detail/OP00324966
P172899,Request for Expression of Interest,Ecuador,2024,World Bank,MDB-financed,IBRD91310,Capital Markets; Public Administration - Financial Sector,consulting,,USD,60000.0,,,,,,,,,,,,,,,Consultant Qualification  Selection,,,,,OP00324974,,EC-NFC-456633-CS-CQS,Promoting Access to Finance for Productive Purposes for MSMEs,https://projects.worldbank.org/en/projects-operations/procurement-detail/OP00324974
P181079,Contract Award,Ecuador,2024,World Bank,MDB-financed,IBRD95550,Rural and Inter-Urban Roads; Public Administration - Transportation,consulting,,USD,64400.0,Month,48.0,1464.0,Individual Consultant,Ecuador,,,1.0,1.0,,,,,,Individual Consultant Selection,,,,1.0,OP00322650,2024/11/12,EC-MTOP-460984-CS-INDV,Ecuador: Emergency Resilient Reconstruction Project,https://projects.worldbank.org/en/projects-operations/procurement-detail/OP00322650
P173283,Request for Expression of Interest,Ecuador,2024,World Bank,MDB-financed,IBRD91630,Public Administration - Social Protection; Social Protection,consulting,,USD,55848.0,,,,,,,,,,,,,,,Individual Consultant Selection,,,,,OP00309062,,CI-IEPS-0017-2024,"Territorial Economic Empowerment for the Indigenous, Afro-Ecuadorians and Montubian Peoples and Nati",https://projects.worldbank.org/en/projects-operations/procurement-detail/OP00309062
P173773,Contract Award,Ecuador,2024,World Bank,MDB-financed,IBRD92280,Public Administration - Health; Health Facilities and Construction; Health,consulting,,USD,252855.45,Day,60.0,60.0,DHL GLOBAL FORWARDING ECUADOR S.A.,Ecuador,,,1.0,1.0,Ecuador,275000.00,Ecuador,USD,275000.00,Request for Quotations,,,,1.0,OP00304195,2022/09/02,EC-MPH-DFA-312392-NC-RFQ,Ecuador COVID-19 Emergency Response and Vaccination Project,https://projects.worldbank.org/en/projects-operations/procurement-detail/OP00304195
P157425,Contract Award,Ecuador,2024,World Bank,MDB-financed,IBRD86670,Tertiary Education; Public Administration - Education,consulting,,USD,43000.0,Day,60.0,60.0,PRICEWATERHOUSE COOPERS PWC,Ecuador,,,1.0,1.0,,,,,,Direct Selection,,,,1.0,OP00294103,2020/03/12,EC-SENESCYT-120353-CS-QCBS,Transformation of the Tertiary Technical and Technological Institutes Project,https://projects.worldbank.org/en/projects-operations/procurement-detail/OP00294103
P169125,Contract Award,El Salvador,2024,World Bank,MDB-financed,IBRD89480,Sub-National Government; Tourism; Rural and Inter-Urban Roads,works,,USD,56255.85,Day,60.0,60.0,"SIELMAN INVERSIONES, S.A. DE C.V.",El Salvador,,,4.0,0.0,El Salvador,59395.08,El Salvador; El Salvador; El Salvador; El Salvador,USD; USD; USD; USD,59395.08; 73778.60; 72062.59; 63413.19,Request for Quotations,,,,1.0,OP00329912,2024/10/11,SDC-DOM-BM-49/2024,El Salvador Local Economic Resilience Project,https://projects.worldbank.org/en/projects-operations/procurement-detail/OP00329912
P169677,Contract Award,El Salvador,2024,World Bank,MDB-financed,IBRD90650,Health; Public Administration - Health; Health Facilities and Construction,goods,,USD,22418.0,Day,120.0,120.0,"GRUPO SORIANO LOPEZ, S.A DE C.V",El Salvador,,,1.0,1.0,,,,,,Request for Quotations,,,,1.0,OP00329233,2024/12/12,CSJ-220-MINSAL-GO-RFQ,Growing up Healthy Together: Comprehensive Early Childhood Development in El Salvador,https://projects.worldbank.org/en/projects-operations/procurement-detail/OP00329233
P171316,Contract Award,El Salvador,2024,World Bank,MDB-financed,IBRD90670,Early Childhood Education; Public Administration - Education; Workforce Development and Vocational Education,goods,,USD,238800.0,Day,60.0,60.0,"CONTINENTAL MOTORES, S.A. DE C.V.",El Salvador,,,1.0,1.0,,,,,,Request for Bids,,,,1.0,OP00327527,2024/12/09,SDO-62-2024-MINEDUCYT-BIRF,Growing Up and Learning Together: Comprehensive Early Childhood Development in El Salvador,https://projects.worldbank.org/en/projects-operations/procurement-detail/OP00327527
P170854,Contract Award,El Salvador,2024,World Bank,MDB-financed,TFB7434,"Crops; Forestry; Other Agriculture, Fishing and Forestry; Other Public Administration; Public Administration - Agriculture, Fishing & Forestry",consulting,,USD,92400.0,Month,12.0,366.0,MELVIN JOSÉ PÉREZ OZUNA,El Salvador,,,1.0,1.0,,,,,,Direct Selection,,,,1.0,OP00325759,2024/11/28,SV-MARN-457048-CS-CDS,El Salvador Integrated Landscape Management and Restoration,https://projects.worldbank.org/en/projects-operations/procurement-detail/OP00325759
P176700,General Procurement Notice,El Salvador,2024,World Bank,MDB-financed,,"Agricultural Extension, Research, and Other Support Activities; Public Administration - Agriculture, Fishing & Forestry; Other Agriculture, Fishing and Forestry; Agricultural markets, commercialization and agri-business",,,USD,,,,,,,,,,,,,,,,,,,,,OP00319829,,,Connecting farming communities to coastal economies in El Balsamo – COSTA VIVA,https://projects.worldbank.org/en/projects-operations/procurement-detail/OP00319829
P179829,General Procurement Notice,El Salvador,2024,World Bank,MDB-financed,,Social Protection; Public Administration - Social Protection,,,USD,,,,,,,,,,,,,,,,,,,,,OP00317497,,,Promoting Job Opportunities and Skills Development in El Salvador,https://projects.worldbank.org/en/projects-operations/procurement-detail/OP00317497
P178720,General Procurement Notice,El Salvador,2024,World Bank,MDB-financed,,Urban Transport; Public Administration - Transportation; Rural and Inter-Urban Roads,,,USD,,,,,,,,,,,,,,,,,,,,,OP00315640,,,El Salvador Transport and Resilient Infrastructure Project,https://projects.worldbank.org/en/projects-operations/procurement-detail/OP00315640
P173872,Contract Award,El Salvador,2024,World Bank,MDB-financed,IBRD94290,Public Administration - Health; Health Facilities and Construction; Health,goods,,USD,130840.15,Day,60.0,60.0,"GRUPO MANTECH, S.A. DE C.V.",El Salvador,,,1.0,1.0,,,,,,Request for Quotations,,,,1.0,OP00284084,2024/04/09,RECOVID-205-RFQ-GO,El Salvador COVID-19 Emergency Response Project,https://projects.worldbank.org/en/projects-operations/procurement-detail/OP00284084
P178734,Request for Expression of Interest,El Salvador,2024,World Bank,MDB-financed,IBRD95130,"Water Supply; Public Administration - Water, Sanitation and Waste Management; Sanitation; Other Water Supply, Sanitation and Waste Management",consulting,,USD,500000.0,,,,,,,,,,,,,,,Quality And Cost-Based Selection,,,,,OP00310594,,SV-ANDA-388607-CS-QCBS,El Salvador Water Sector Resilience Project,https://projects.worldbank.org/en/projects-operations/procurement-detail/OP00310594
P167588,Contract Award,Grenada,2024,World Bank,MDB-financed,IDA64860,Central Government (Central Agencies); ICT Services; ICT Infrastructure,consulting,,USD,375000.0,Month,9.0,274.0,ERNST AND YOUNG SERVICES,Jamaica,,,1.0,1.0,,,,,,Direct Selection,,,,0.0,OP00328853,2024/10/13,GD-MOED-428273-CS-CDS,Digital Government for Resilience,https://projects.worldbank.org/en/projects-operations/procurement-detail/OP00328853
P175720,Contract Award,Grenada,2024,World Bank,MDB-financed,IDA71070,Rural and Inter-Urban Roads; Public Administration - Transportation,consulting,,USD,235000.0,Year,1.0,366.0,Individual Consultant,Trinidad and Tobago,,,1.0,1.0,,,,,,Individual Consultant Selection,,,,0.0,OP00328437,2024/11/20,GD-MOIID-463874-CDS-INDV,Grenada Resilience Improvement Project,https://projects.worldbank.org/en/projects-operations/procurement-detail/OP00328437
P172951,Contract Award,Grenada,2024,World Bank,MDB-financed,IDA66420,Aviation; Public Administration - Transportation,consulting,,USD,200000.0,Month,4.0,122.0,NACO (NETHERLAND AIRPORT CONS),Netherlands,,,1.0,1.0,,,,,,Consultant Qualification  Selection,,,,0.0,OP00248592,2022/08/31,GD-MOIID-215989-CS-CQS,Grenada - Caribbean Regional Air Transport Connectivity,https://projects.worldbank.org/en/projects-operations/procurement-detail/OP00248592
P170391,Contract Award,Guatemala,2024,World Bank,MDB-financed,TFB5460,"Forestry; Public Administration - Agriculture, Fishing & Forestry",consulting,,USD,5000.0,Day,241.0,241.0,Individual Consultant,Guatemala,,,1.0,1.0,,,,,,Individual Consultant Selection,,,,1.0,OP00327117,2024/11/20,GT-SOTZ'IL-415352-CS-INDV,Guatemala Dedicated Grant Mechanism for Indigenous Peoples and Local Communities Project,https://projects.worldbank.org/en/projects-operations/procurement-detail/OP00327117
P159213,Contract Award,Guatemala,2024,World Bank,MDB-financed,IBRD87300,Public Administration - Social Protection; Health; Social Protection; Health Facilities and Construction,goods,,GTQ,212853.69,Week,8.0,56.0,DISTRIBUIDORA ML,Guatemala,,,1.0,1.0,,,,,,Request for Quotations,,,,1.0,OP00327095,2024/11/12,GT-MSPAS-418092-GO-RFQ,Crecer Sano: Guatemala Nutrition and Health  Project,https://projects.worldbank.org/en/projects-operations/procurement-detail/OP00327095
P147250,Contract Award,Guyana,2024,World Bank,MDB-financed,IDA67860,"Other Water Supply, Sanitation and Waste Management; Public Administration - Water, Sanitation and Waste Management; Other Transportation; Other Public Administration; Other Water Supply, Sanitation and Waste Management; Public Administration - Water, Sanitation and Waste Management; Other Transportation; Other Public Administration",goods,,GYD,8172763.0,Day,60.0,60.0,BEHARRY AUTOMOTIVE LIMITED,Guyana,,,1.0,1.0,,,,,,Direct Selection,,,,1.0,OP00329905,2024/03/16,GY/AF/IDA/FRMP-CP2-GO-DIR-04,GY Flood Risk Management,https://projects.worldbank.org/en/projects-operations/procurement-detail/OP00329905
P177741,Contract Award,Guyana,2024,World Bank,MDB-financed,IDA71330,Secondary Education; Public Administration - Education; Workforce Development and Vocational Education,consulting,,USD,17500.0,Month,3.0,92.0,ENVIRONMENTAL MANAGEMENT CONSULTANT INC,Guyana,,,1.0,1.0,,,,,,Direct Selection,,,,1.0,OP00329870,2024/12/18,GY-MOE-458561-CS-CDS,Guyana Strengthening Human Capital through Education Project,https://projects.worldbank.org/en/projects-operations/procurement-detail/OP00329870
P174244,Contract Award,Guyana,2024,World Bank,MDB-financed,TFB5951,Primary Education; Public Administration - Education; Tertiary Education; Other Education; Early Childhood Education,consulting,,USD,60000.0,Month,4.0,122.0,Individual Consultant,Guyana,,,1.0,1.0,,,,,,Individual Consultant Selection,,,,1.0,OP00328951,2023/11/28,GY-MOE-395875-CS-INDV,Guyana Education Sector Program Project,https://projects.worldbank.org/en/projects-operations/procurement-detail/OP00328951
P159519,Contract Award,Guyana,2024,World Bank,MDB-financed,IDA60090,Public Administration - Education; Tertiary Education; Secondary Education; Primary Education; Early Childhood Education,consulting,,GYD,2410500.0,Week,1.0,7.0,HOT AND SPICY CREOLE CORNER,Guyana,,,1.0,1.0,,,,,,Request for Quotations,,,,1.0,OP00327516,2021/10/01,GESIP/NCS/RFQ/05,Guyana Education Sector Improvement Project,https://projects.worldbank.org/en/projects-operations/procurement-detail/OP00327516
P166730,Contract Award,Guyana,2024,World Bank,MDB-financed,IDA63820,Oil and Gas; Public Administration - Energy and Extractives; ICT Services,consulting,,USD,170000.0,Month,12.0,366.0,SAMSON TOKPAH,United States,,,1.0,1.0,,,,,,Direct Selection,,,,0.0,OP00322543,2024/10/24,GPRGMP/DS/2024/IC-1,Guyana Petroleum Resources Governance and Management Project,https://projects.worldbank.org/en/projects-operations/procurement-detail/OP00322543
P503393,Request for Expression of Interest,Guyana,2024,World Bank,MDB-financed,,ICT,consulting,,USD,3000000.0,,,,,,,,,,,,,,,Quality And Cost-Based Selection,,,1.0,,OP00309561,,GY/CARES/QCBS/001,Guyana Coastal Adaptation and Resilience Project,https://projects.worldbank.org/en/projects-operations/procurement-detail/OP00309561
P175268,Contract Award,Guyana,2024,World Bank,MDB-financed,IDA68020,Public Administration - Health; Health; Health Facilities and Construction,goods,,GYD,24900000.0,Day,90.0,90.0,MASSY MOTORS GUYANA LIMITED,Guyana,,,1.0,1.0,,,,,,Request for Quotations,,,,1.0,OP00302092,2024/03/28,GY-G-COVID FTO-404940-GO-RFQ,Guyana COVID-19 Emergency Response Project,https://projects.worldbank.org/en/projects-operations/procurement-detail/OP00302092
P171976,Contract Award,Haiti,2024,World Bank,MDB-financed,IDAD7240,Public Administration - Information and Communications Technologies; ICT Infrastructure; ICT Services,goods,,USD,34500.0,Week,12.0,84.0,UNIVERSAL MOTORS S. SA.,Haiti,,,1.0,1.0,Haiti,47724.43,Haiti,USD,47724.43,Request for Quotations,,,,1.0,OP00331113,2024/10/31,DC-001-HDAP/2024,Haiti Digital Acceleration Project,https://projects.worldbank.org/en/projects-operations/procurement-detail/OP00331113
P173743,Request for Expression of Interest,Haiti,2024,World Bank,MDB-financed,IDAD8750,Capital Markets; Public Administration - Financial Sector,consulting,,USD,54000.0,,,,,,,,,,,,,,,Individual Consultant Selection,,,,,OP00331141,,HT-UCP/MEF-442613-CS-INDV,Private Sector Jobs and Economic Transformation (PSJET),https://projects.worldbank.org/en/projects-operations/procurement-detail/OP00331141
P170907,Contract Award,Haiti,2024,World Bank,MDB-financed,IDAD6290,Aviation; Public Administration - Transportation,consulting,,USD,4000000.0,Month,52.0,1586.0,CECOM CONSULTANTS S. A.,Haïti,,,1.0,1.0,,,,,,Quality And Cost-Based Selection,,,,0.0,OP00330270,2022/11/08,DP-006-CATCOP/2020,Caribbean Regional Air Transport Connectivity Project - Haiti,https://projects.worldbank.org/en/projects-operations/procurement-detail/OP00330270
P173811,Contract Award,Haiti,2024,World Bank,MDB-financed,IDAE0620,Public Administration - Health; Health; Health Facilities and Construction,goods,,USD,73000.0,Day,180.0,180.0,OXFY NETWORK,Haïti,,,2.0,0.0,Haïti,82500.00,Haïti; Haïti,USD; USD,100500.00; 82500.00,Request for Quotations,,,,0.0,OP00329441,2024/08/28,HT-UGP-437414-GO-RFQ,Haiti COVID-19 Response,https://projects.worldbank.org/en/projects-operations/procurement-detail/OP00329441
P157531,Request for Expression of Interest,Haiti,2024,World Bank,MDB-financed,IDAD3110,Central Government (Central Agencies),consulting,,USD,50000.0,,,,,,,,,,,,,,,Quality Based Selection,,,,,OP00328882,,HT-UCP/MEF-460431-CS-QBS,Statistical Capacity Building Project,https://projects.worldbank.org/en/projects-operations/procurement-detail/OP00328882
P178188,Contract Award,Haiti,2024,World Bank,MDB-financed,IDAE1700,"Water Supply; Sanitation; Public Administration - Water, Sanitation and Waste Management; Irrigation and Drainage; Other Water Supply, Sanitation and Waste Management",consulting,,USD,3638150.08,Year,4.0,1464.0,PADF,Haïti,,,2.0,0.0,Haïti,2542650.00,Haïti; Haïti,USD; USD,2542650.00; 2923559.88,Request for Bids,,,,0.0,OP00328460,2024/12/05,HT-AF-WSS-368989-CS-QCBS,Decentralized Sustainable and Resilient Rural Water and Sanitation Project,https://projects.worldbank.org/en/projects-operations/procurement-detail/OP00328460
P174707,Request for Expression of Interest,Haiti,2024,World Bank,MDB-financed,IDAD9730,Public Administration - Education; Primary Education,consulting,,USD,48000.0,,,,,,,,,,,,,,,Individual Consultant Selection,,,,,OP00328331,,HT-PEQH-455374-CS-INDV,"Promoting a more Equitable, Sustainable and Safer Education",https://projects.worldbank.org/en/projects-operations/procurement-detail/OP00328331
P177072,Contract Award,Haiti,2024,World Bank,MDB-financed,IDAD9830,"Agricultural Extension, Research, and Other Support Activities; Social Protection; Public Administration - Agriculture, Fishing & Forestry",consulting,,USD,2800000.0,Month,28.0,854.0,AFC AGRICULTURE AND FINANCE CONSULTANTS GMBH,Allemagne,,,1.0,1.0,,,,,,Quality Based Selection,,,,0.0,OP00327287,2024/11/07,MARNDR/PARSA/PI/SFQ-08/23,Emergency Resilient Agriculture for Food Security Project,https://projects.worldbank.org/en/projects-operations/procurement-detail/OP00327287
P167512,Contract Award,Haiti,2024,World Bank,MDB-financed,COFNC1930,Health; Public Administration - Health; Health Facilities and Construction,works,,USD,2536371.0,Month,12.0,366.0,WORLD FOOD PROGRAMME (WFP),Monde,,,1.0,1.0,,,,,,Direct Selection,,,,0.0,OP00322645,2024/10/31,HT-UGP-437419-CW-DIR,Strengthening Primary Health Care and Surveillance in Haiti,https://projects.worldbank.org/en/projects-operations/procurement-detail/OP00322645
P165870,Contract Award,Haiti,2024,World Bank,MDB-financed,IDAE0450,Other Public Administration,works,,USD,46618.03,Day,90.0,90.0,SOCIETE D’INGENIERIE ET RECONSTRUCTION D’INFRASTRUCTURE SOCIALE EN HAITI,Haïti,,,1.0,1.0,,,,,,Direct Selection,,,,0.0,OP00318932,2024/01/18,HT-UCP/MICT-402413-CW-DIR,Strengthening DRM and Climate Resilience Project,https://projects.worldbank.org/en/projects-operations/procurement-detail/OP00318932
P162908,Contract Award,Haiti,2024,World Bank,MDB-financed,IDAD7420,"Agricultural Extension, Research, and Other Support Activities; Public Administration - Agriculture, Fishing & Forestry",consulting,,USD,20000.0,Month,2.0,61.0,Individual Consultant,Haïti,,,1.0,1.0,,,,,,Individual Consultant Selection,,,,0.0,OP00313891,2024/04/01,MARNDR/TPR/CI/QCIN-40/23,Resilient Productive Landscapes in Haiti,https://projects.worldbank.org/en/projects-operations/procurement-detail/OP00313891
P163490,Contract Award,Haiti,2024,World Bank,MDB-financed,IDAD6690,Rural and Inter-Urban Roads; Public Administration - Transportation,consulting,,USD,65000.0,Week,20.0,140.0,BEJAMIN JADOTTE,Haiti,,,1.0,1.0,,,,,,Direct Selection,,,,1.0,OP00308854,2023/07/07,GG-CE-PARR-006,Haiti Rural Accessibility & Resilience Project,https://projects.worldbank.org/en/projects-operations/procurement-detail/OP00308854
P177210,Request for Expression of Interest,Haiti,2024,World Bank,MDB-financed,IDAE0440,Urban Transport; Rural and Inter-Urban Roads; Public Administration - Transportation,consulting,,USD,960000.0,,,,,,,,,,,,,,,Quality And Cost-Based Selection,,,,,OP00307177,,DP-008-RUTAP/2024,Resilient connectivity and  Urban Transport Accessibility Project,https://projects.worldbank.org/en/projects-operations/procurement-detail/OP00307177
P168951,Request for Expression of Interest,Haiti,2024,World Bank,MDB-financed,IDAD5630,Sub-National Government; Urban Transport; Rural and Inter-Urban Roads,consulting,,USD,3400000.0,,,,,,,,,,,,,,,Quality And Cost-Based Selection,,,,,OP00301608,,DP-004-CHUD/2020,Cap Haitien Urban Development Project,https://projects.worldbank.org/en/projects-operations/procurement-detail/OP00301608
P155201,Contract Award,Haiti,2024,World Bank,MDB-financed,IDAD2200,"Sub-National Government; Other Water Supply, Sanitation and Waste Management",consulting,,USD,4000000.0,Month,15.0,458.0,PAN AMERICAN DEVEL. FOUNDATION-PADF,Haïti,,,1.0,1.0,,,,,,Direct Selection,,,,0.0,OP00290452,2024/01/15,HT-UCP/MICT-395720-CS-CDS,Municipal Development and Urban Resilience Project,https://projects.worldbank.org/en/projects-operations/procurement-detail/OP00290452
P174111,Request for Expression of Interest,Haiti,2024,World Bank,MDB-financed,IDAD7750,Social Protection; Public Administration - Social Protection,consulting,,USD,18401.0,,,,,,,,,,,,,,,Individual Consultant Selection,,,,,OP00274115,,UGP-MAST-CS-INDV-2024 - 008,Adaptive Social Protection for Increased Resilience Project,https://projects.worldbank.org/en/projects-operations/procurement-detail/OP00274115
P156719,Contract Award,Haiti,2024,World Bank,MDB-financed,IDAD7300,Energy Transmission and Distribution; Public Administration - Energy and Extractives; Renewable Energy Solar,consulting,,USD,16620.0,Month,12.0,366.0,ODYSSEY ENERGY SOLUTIONS INC,tats-Unis,,,1.0,1.0,,,,,,Direct Selection,,,,0.0,OP00268708,2023/11/23,DIR-NC-01-23-P156719,Haiti: Renewable Energy for All,https://projects.worldbank.org/en/projects-operations/procurement-detail/OP00268708
P152057,Contract Award,Honduras,2024,World Bank,MDB-financed,IDA64010,"Workforce Development and Vocational Education; Adult, Basic and Continuing Education; Social Protection; Secondary Education; Public Administration - Social Protection",consulting,,HNL,216000.0,Month,12.0,366.0,OSCAR DAMIÁN GARCIA ORDOÑEZ,Honduras,,,1.0,1.0,,,,,,Direct Selection,,,,1.0,OP00330502,2024/12/18,HN-REDSOL-464418-NC-DIR,Social Protection Integration,https://projects.worldbank.org/en/projects-operations/procurement-detail/OP00330502
P168385,Contract Award,Honduras,2024,World Bank,MDB-financed,IDA64480,"Agricultural markets, commercialization and agri-business; Public Administration - Industry, Trade and Services; Agricultural Extension, Research, and Other Support Activities",consulting,,USD,58800.0,Month,2.5,76.0,Individual Consultant,Honduras,,,1.0,1.0,,,,,,Individual Consultant Selection,,,,1.0,OP00328937,2024/10/14,HN-SAG-431465-CS-INDV,Integrating Innovation for Rural Competitiveness in Honduras - COMRURAL II,https://projects.worldbank.org/en/projects-operations/procurement-detail/OP00328937
P169901,Contract Award,Honduras,2024,World Bank,MDB-financed,IDA66800,"Public Administration - Water, Sanitation and Waste Management; Irrigation and Drainage",consulting,,USD,39060.0,Day,105.0,105.0,Individual Consultant,Honduras,,,1.0,1.0,,,,,,Individual Consultant Selection,,,,1.0,OP00328283,2024/09/11,HN-SAG-403547-CS-INDV,Water Security in the Dry Corridor of Honduras,https://projects.worldbank.org/en/projects-operations/procurement-detail/OP00328283
P169161,Contract Award,Honduras,2024,World Bank,MDB-financed,IDA65600,Early Childhood Education; Public Administration - Education,consulting,,USD,62835.74,Month,9.23,282.0,Individual Consultant,Honduras,,,1.0,1.0,,,,,,Individual Consultant Selection,,,,1.0,OP00326659,2024/03/13,HN-SE-398677-CS-INDV,Honduras Early Childhood Education Improvement Project,https://projects.worldbank.org/en/projects-operations/procurement-detail/OP00326659
P175977,Contract Award,Honduras,2024,World Bank,MDB-financed,IDA68220,Other Public Administration; Sub-National Government; Social Protection,works,,HNL,45154764.95,Day,300.0,300.0,"EMPRESA EN OBRAS DE CONSTRUCCIÓN S.A. DE C.V. ""ENOC S.A.""",Honduras,,,1.0,1.0,,,,,,Request for Bids,,,,1.0,OP00323219,2024/10/31,HN-SEDECOAS-408311-CW-RFB,Honduras Tropical Cyclones Eta and Iota Emergency Recovery Project,https://projects.worldbank.org/en/projects-operations/procurement-detail/OP00323219
P173125,Contract Award,Honduras,2024,World Bank,MDB-financed,IDA66960,"Public Administration - Water, Sanitation and Waste Management; Water Supply; Sanitation",consulting,,USD,26400.0,Month,12.0,366.0,Individual Consultant,Honduras,,,1.0,1.0,,,,,,Individual Consultant Selection,,,,1.0,OP00322347,2024/11/12,HN-SAG-403380-CS-INDV,Urban Water Supply Strengthening Project,https://projects.worldbank.org/en/projects-operations/procurement-detail/OP00322347
P173861,Contract Award,Honduras,2024,World Bank,MDB-financed,IDA68680,Public Administration - Health,consulting,,HNL,5570841.28,Day,30.0,30.0,MACC MEDICAL S. DE R.L.,Honduras,,,1.0,1.0,,,,,,Direct Selection,,,,1.0,OP00321332,2024/10/11,HN-SESAL-453152-NC-DIR,Honduras COVID-19 Emergency Response Project,https://projects.worldbank.org/en/projects-operations/procurement-detail/OP00321332
P170469,Contract Award,Honduras,2024,World Bank,MDB-financed,IDA64600,"Water Supply; Sanitation; Other Water Supply, Sanitation and Waste Management; Public Administration - Water, Sanitation and Waste Management",goods,,HNL,563500.0,Day,90.0,90.0,HONDURAS ESPAÑA CONSTRUCCIONES S. DE R.L. DE C.V. (HONESCON),Honduras,,,2.0,0.0,Honduras,1105373.38,Honduras; Honduras,HNL; HNL,1105373.38; 1616171.36,Request for Quotations,,,,1.0,OP00319747,2024/10/29,HN-AMDC-418513-GO-RFQ,TEGUCIGALPA: WATER SUPPLY STRENGTHENING PROJECT,https://projects.worldbank.org/en/projects-operations/procurement-detail/OP00319747
P174328,Contract Award,Honduras,2024,World Bank,MDB-financed,IDA69170,"Other Industry, Trade and Services; Agricultural markets, commercialization and agri-business; Public Administration - Industry, Trade and Services",consulting,,USD,115956.0,Month,4.0,122.0,Individual Consultant,Honduras,,,1.0,1.0,,,,,,Individual Consultant Selection,,,,1.0,OP00312593,2024/09/20,HN-SAG-426612-CS-INDV,Innovation for Rural Competitiveness Project - COMRURAL III,https://projects.worldbank.org/en/projects-operations/procurement-detail/OP00312593
P148737,Contract Award,Honduras,2024,World Bank,MDB-financed,"TF17904, TFB6211","Other Agriculture, Fishing and Forestry; Irrigation and Drainage; Health; Agricultural markets, commercialization and agri-business; Other Agriculture, Fishing and Forestry; Irrigation and Drainage; Public Administration - Agriculture, Fishing & Forestry; Health; Agricultural markets, commercialization and agri-business",consulting,,USD,18200.0,Month,12.0,366.0,GLADYS MARITZA DÍAS ÁLVREZ,Honduras,,,1.0,1.0,,,,,,Direct Selection,,,,1.0,OP00293388,2023/06/30,HN-SAG-369325-CS-CDS,Corredor Seco Food Security Project,https://projects.worldbank.org/en/projects-operations/procurement-detail/OP00293388
P167767,Contract Award,Honduras,2024,World Bank,MDB-financed,TFB1371,Public Administration - Social Protection; Fisheries; Social Protection; Forestry; Livestock,goods,,HNL,9900.02,Month,12.0,366.0,SYCOM S.A. DE C.V.,Honduras,,,1.0,1.0,,,,,,Request for Quotations,,,,1.0,OP00286222,2021/07/15,HN-FAA-195346-GO-RFQ,Improving the Livelihoods of Miskito Indigenous Peoples in La Moskitia,https://projects.worldbank.org/en/projects-operations/procurement-detail/OP00286222
P178595,Contract Award,Jamaica,2024,World Bank,MDB-financed,IBRD95860,Public Administration - Education; Secondary Education; Other Education,consulting,,USD,32000.0,Month,6.0,183.0,Individual Consultant,Jamaica,,,1.0,1.0,,,,,,Individual Consultant Selection,,,,1.0,OP00325959,2024/11/25,JM-MOEY-458609-CS-CDS,Jamaica Education Project,https://projects.worldbank.org/en/projects-operations/procurement-detail/OP00325959
P166279,Contract Award,Jamaica,2024,World Bank,MDB-financed,IBRD90170,"Tourism; Public Administration - Agriculture, Fishing & Forestry; Agricultural Extension, Research, and Other Support Activities; Agricultural markets, commercialization and agri-business",consulting,,USD,40714.0,Month,15.0,458.0,GDM ASSOCIATES LIMITED,Jamaica,,,1.0,1.0,,,,,,Least Cost Selection,,,,1.0,OP00325518,2021/03/21,C1-020-R1,Second Rural Economic Development Initiative (REDI II) Project,https://projects.worldbank.org/en/projects-operations/procurement-detail/OP00325518
P152307,Contract Award,Jamaica,2024,World Bank,MDB-financed,IBRD88220,Capital Markets; Public Administration - Financial Sector,consulting,,USD,86000.0,Month,3.0,92.0,A2F CONSULTING LLC,United States,,,1.0,1.0,,,,,,Direct Selection,,,,0.0,OP00325338,2024/10/08,JM-DBJ-438198-CS-CDS,Access to Finance for MSMEs,https://projects.worldbank.org/en/projects-operations/procurement-detail/OP00325338
P178582,Request for Expression of Interest,Jamaica,2024,World Bank,MDB-financed,IBRD96520,Public Administration - Social Protection; Social Protection,consulting,,USD,100000.0,,,,,,,,,,,,,,,Individual Consultant Selection,,,,,OP00314028,,JM-MLSS-387380-CS-INDV,JAMAICA: SOCIAL PROTECTION FOR INCREASED RESILIENCE AND OPPORTUNITY (SPIRO),https://projects.worldbank.org/en/projects-operations/procurement-detail/OP00314028
P173464,Contract Award,Jamaica,2024,World Bank,MDB-financed,TFB5467,Other Public Administration,consulting,,USD,14013.0,Month,9.5,290.0,Individual Consultant,Antigua and Barbuda,,,1.0,1.0,,,,,,Individual Consultant Selection,,,,0.0,OP00320696,2024/10/09,DO-INTEC-448613-CS-INDV,Critical Ecosystem Partnership Fund – Caribbean Hotspot Project,https://projects.worldbank.org/en/projects-operations/procurement-detail/OP00320696
P164257,Contract Award,Jamaica,2024,World Bank,MDB-financed,TFA6559,"Fisheries; Public Administration - Agriculture, Fishing & Forestry",consulting,,USD,50000.0,Month,10.0,305.0,"MRAG LTD 18 QUEEN STREET, LONDON , W1J 5PN, UK TEL: +44 (0) 20 7255 7797 EMAIL : D.FAHRENHEIM@MRAG.CO.UK",United Kingdom,,,1.0,1.0,,,,,,Consultant Qualification  Selection,,,,0.0,OP00316217,2020/07/30,JM-MICAF-82599-CS-CQS-0,Promoting Community-based Climate Resilience in the Fisheries Sector,https://projects.worldbank.org/en/projects-operations/procurement-detail/OP00316217
P147665,Contract Award,Jamaica,2024,World Bank,MDB-financed,IBRD84080,"Other Industry, Trade and Services; Public Administration - Industry, Trade and Services; Banking Institutions; Agricultural markets, commercialization and agri-business; Other Non-bank Financial Institutions; Other Industry, Trade and Services; Trade",consulting,,USD,528120.0,Month,6.0,183.0,GAP SRL,Italy,,,1.0,1.0,,,,,,Request for Bids,,,,0.0,OP00302772,2023/11/29,FCG/SER/004-BIS,Jamaica Foundations for Competitiveness and Growth,https://projects.worldbank.org/en/projects-operations/procurement-detail/OP00302772
P146965,Contract Award,Jamaica,2024,World Bank,MDB-financed,IBRD85810,"Other Public Administration; Rural and Inter-Urban Roads; Other Water Supply, Sanitation and Waste Management; Other Transportation; Other Public Administration; Rural and Inter-Urban Roads; Other Water Supply, Sanitation and Waste Management; Other Transportation",works,,JMD,197433949.86,Month,6.0,183.0,S&G ROAD SURFACING MATERIALS LIMITED,Jamaica,,,1.0,1.0,,,,,,Direct Selection,,,,1.0,OP00296873,2024/03/26,RR - 29,Jamaica Disaster Vulnerability Reduction Project,https://projects.worldbank.org/en/projects-operations/procurement-detail/OP00296873
P159835,General Procurement Notice,Mexico,2024,World Bank,MDB-financed,,"Agricultural Extension, Research, and Other Support Activities; Public Administration - Agriculture, Fishing & Forestry; Agricultural markets, commercialization and agri-business",,,USD,,,,,,,,,,,,,,,,,,,,,OP00327831,,,Mexico: Sustainable Productive Landscapes Project,https://projects.worldbank.org/en/projects-operations/procurement-detail/OP00327831
P172079,Contract Award,Mexico,2024,World Bank,MDB-financed,TFB5479,"Agricultural markets, commercialization and agri-business; Livestock; Forestry; Public Administration - Agriculture, Fishing & Forestry",consulting,,MXN,119655.9,Day,6.0,6.0,"CORPORACIÓN HOTELERA DE LA FRONTERA, S.A. DE C.V. (HOTEL MARÍA BONITA)",México,,,2.0,0.0,México,119762.32,México; México,MXN; MXN,119762.32; 228499.52,Request for Quotations,,,,0.0,OP00325835,2024/10/25,MX-FMCN-455713-NC-RFQ,Connecting Watershed Health with Sustainable Livestock and Agroforestry Production Project,https://projects.worldbank.org/en/projects-operations/procurement-detail/OP00325835
P164661,Contract Award,Mexico,2024,World Bank,MDB-financed,TFA6533,"Agricultural markets, commercialization and agri-business; Forestry",consulting,,MXN,453096.0,Day,15.0,15.0,SISTEMAS DE INFORMACIÓN GEOGRÁFICA S.A. DE C.V.,México,,,1.0,1.0,,,,,,Direct Selection,,,,0.0,OP00314688,2024/05/30,MX-CONAFOR-421359-GO-DIR,Strengthening Entrepreneurship in Productive Forest Landscapes,https://projects.worldbank.org/en/projects-operations/procurement-detail/OP00314688
P164389,Contract Award,Mexico,2024,World Bank,MDB-financed,IBRD90490,"Public Administration - Water, Sanitation and Waste Management; Other Water Supply, Sanitation and Waste Management; Water Supply; Sanitation; Renewable Energy Solar; Renewable Energy Hydro",works,,MXN,5501173.19,Day,145.0,145.0,DR HYDRO SOLUCIONES AGRICOLAS S.A. DE C.V.,México,,,1.0,1.0,,,,,,Request for Bids,,,,0.0,OP00308873,2024/08/09,MX-CONAGUA-312680-CW-RFB,Water Security and Resilience for the Valley of Mexico (PROSEGHIR),https://projects.worldbank.org/en/projects-operations/procurement-detail/OP00308873
P151604,Contract Award,Mexico,2024,World Bank,MDB-financed,TFA5334,"Forestry; Public Administration - Agriculture, Fishing & Forestry",consulting,,USD,20000.0,Year,1.0,366.0,Individual Consultant,México,,,1.0,1.0,,,,,,Individual Consultant Selection,,,,0.0,OP00303275,2023/02/03,2023-MX-RA-338731-CS-INDV,Mexico Dedicated Grant Mechanism for IP and LC,https://projects.worldbank.org/en/projects-operations/procurement-detail/OP00303275
P149872,Contract Award,Mexico,2024,World Bank,MDB-financed,IBRD85940,Other Energy and Extractives; Public Administration - Energy and Extractives; Other Energy and Extractives; Public Administration - Energy and Extractives,consulting,,USD,260668.61,Month,3.0,92.0,Individual Consultant,Mexico,,,1.0,1.0,,,,,,Individual Consultant Selection,,,,1.0,OP00284337,2017/12/06,SENER-DGESE-CI-CD-2017-01,Energy Efficiency in Public Facilities Project (PRESEMEH),https://projects.worldbank.org/en/projects-operations/procurement-detail/OP00284337
P164452,Contract Award,Nicaragua,2024,World Bank,MDB-financed,IDA61990,Public Administration - Health; Health,goods,,USD,54312.0,Day,90.0,90.0,JOSE HUMBERTO ROMERO,Nicaragua,,,1.0,1.0,,,,,,Request for Bids,,,,1.0,OP00330440,2022/03/18,NI-MINSA-258241-GO-RFB,NI - INTEGRATED PUBLIC PROVISION OF HEALTH CARE SERVICES,https://projects.worldbank.org/en/projects-operations/procurement-detail/OP00330440
P163531,Contract Award,Nicaragua,2024,World Bank,MDB-financed,IDA61980,"Sub-National Government; Public Administration - Agriculture, Fishing & Forestry",consulting,,USD,20000.0,Month,4.0,122.0,Individual Consultant,Nicaragua,,,1.0,1.0,,,,,,Individual Consultant Selection,,,,1.0,OP00271384,2023/05/08,NI-PGR-351523-CS-INDV,Nicaragua Property Rights Strengthening Project,https://projects.worldbank.org/en/projects-operations/procurement-detail/OP00271384
P173823,Contract Award,Nicaragua,2024,World Bank,MDB-financed,IDA71400,Health Facilities and Construction,consulting,,USD,53000000.0,Month,18.0,549.0,PAN AMERICAN HEALTH ORGANISATION (PAHO),Todo el mundo,,,1.0,1.0,,,,,,Direct Selection,,,,0.0,OP00269899,2024/01/23,NI-MINSA-383005-CS-CDS,Nicaragua COVID-19 Response,https://projects.worldbank.org/en/projects-operations/procurement-detail/OP00269899
P180872,Contract Award,Panama,2024,World Bank,MDB-financed,IBRD96090,Central Government (Central Agencies); ICT Services,consulting,,USD,5424378.86,Month,60.0,1830.0,"GBM DE PANAMÁ, S.A.",Panamá,,,1.0,1.0,,,,,,Direct Selection,,,,0.0,OP00328275,2024/10/11,PA-MEF-449843-NC-DIR,Consolidation of the Panama Public Financial Management Information System,https://projects.worldbank.org/en/projects-operations/procurement-detail/OP00328275
P173881,Contract Award,Panama,2024,World Bank,MDB-financed,IBRD93770,Public Administration - Health; Health,goods,,USD,688.52,Year,1.0,366.0,"DATASERVE, S.A.",Panama,,,1.0,1.0,,,,,,Request for Quotations,,,,1.0,OP00325374,2024/11/22,B08-24,Panama COVID-19 Emergency Response,https://projects.worldbank.org/en/projects-operations/procurement-detail/OP00325374
P157575,Contract Award,Panama,2024,World Bank,MDB-financed,IBRD88340,"Other Water Supply, Sanitation and Waste Management; Other Education; Public Administration - Social Protection; Health Facilities and Construction; Health",consulting,,USD,13500.0,Month,9.0,274.0,Individual Consultant,Panamá,,,1.0,1.0,,,,,,Individual Consultant Selection,,,,0.0,OP00316698,2021/10/08,1.3.2.5.BPA-MINGOB / VMAI-233756-CS-INDV,Support for the National Indigenous Peoples Development Plan,https://projects.worldbank.org/en/projects-operations/procurement-detail/OP00316698
P173484,Contract Award,Panama,2024,World Bank,MDB-financed,TFB6270,Central Government (Central Agencies),consulting,,PAB,9999.57,Day,30.0,30.0,"NUEVOS HOTELES DE PANAMÁ, S.A",Panamá,,,1.0,1.0,,,,,,Request for Quotations,,,,0.0,OP00302294,2024/04/25,PA-DGCP-366117-NC-RFQ,Panama Open Contracting and Public Infrastructure Transparency,https://projects.worldbank.org/en/projects-operations/procurement-detail/OP00302294
P178063,General Procurement Notice,Panama,2024,World Bank,MDB-financed,,"Public Administration - Agriculture, Fishing & Forestry; Other Agriculture, Fishing and Forestry; Sub-National Government",,,USD,,,,,,,,,,,,,,,,,,,,,OP00288559,,,Panama Sustainable Rural Development and Biodiversity Conservation,https://projects.worldbank.org/en/projects-operations/procurement-detail/OP00288559
P168153,Contract Award,Paraguay,2024,World Bank,MDB-financed,IBRD90640,"Public Administration - Agriculture, Fishing & Forestry; Agricultural markets, commercialization and agri-business; Agricultural Extension, Research, and Other Support Activities; Social Protection",goods,,PYG,77352180.0,Day,15.0,15.0,KUATIAPO,Paraguay,,,1.0,1.0,,,,,,E-Auctions,,,,1.0,OP00330445,2024/11/06,PY-DINCAP-304898-GO-EA,Market Access for Agricultural Products Project,https://projects.worldbank.org/en/projects-operations/procurement-detail/OP00330445
P167996,Contract Award,Paraguay,2024,World Bank,MDB-financed,IBRD89630,Health Facilities and Construction; Public Administration - Health; Health,goods,,PYG,13560000000.0,Month,5.0,152.0,CONSORCIO SOLUCIONES HOSPITALARES,Paraguay,,,1.0,1.0,,,,,,Request for Bids,,,,1.0,OP00329629,2024/11/04,PY-MSPBS-313561-GO-RFB,Paraguay Public Health Sector Strengthening,https://projects.worldbank.org/en/projects-operations/procurement-detail/OP00329629
P147278,Contract Award,Paraguay,2024,World Bank,MDB-financed,IBRD86380,Rural and Inter-Urban Roads; Urban Transport; Public Administration - Transportation,works,,PYG,56371242940.0,Month,12.0,366.0,CONSORCIO DEL SUR,Paraguay,,,2.0,0.0,Paraguay,54860189225.00,Paraguay; Paraguay,PYG,54860189225.00,Request for Bids,,,,1.0,OP00329178,2024/12/09,PY-MOPC-414107-CW-RFB,PY Transport Connectivity,https://projects.worldbank.org/en/projects-operations/procurement-detail/OP00329178
P175320,Contract Award,Paraguay,2024,World Bank,MDB-financed,IBRD94510,"Sub-National Government; Social Protection; Other Water Supply, Sanitation and Waste Management",consulting,,USD,24000.0,Month,12.0,366.0,Individual Consultant,Paraguay,,,1.0,1.0,,,,,,Individual Consultant Selection,,,,1.0,OP00326891,2024/10/30,PY-MOPC-446384-CS-INDV,Asuncion Riverfront Urban Resilience Project,https://projects.worldbank.org/en/projects-operations/procurement-detail/OP00326891
P176297,Contract Award,Peru,2024,World Bank,MDB-financed,IBRD93340,"Tertiary Education; Other Industry, Trade and Services; Public Administration - Industry, Trade and Services",consulting,,USD,15790.0,Month,12.0,366.0,Individual Consultant,Perú,,,1.0,1.0,,,,,,Individual Consultant Selection,,,,0.0,OP00330665,2024/12/20,PE-PROCIENCIA-438097-CS-INDV,"STRENGTHENING PERU'S NATIONAL SCIENCE, TECHNOLOGY AND INNOVATION SYSTEM",https://projects.worldbank.org/en/projects-operations/procurement-detail/OP00330665
P179037,Contract Award,Peru,2024,World Bank,MDB-financed,IBRD96160,"Irrigation and Drainage; Public Administration - Agriculture, Fishing & Forestry",consulting,,USD,113705.58,Day,90.0,90.0,Individual Consultant,Peru,,,1.0,1.0,,,,,,Individual Consultant Selection,,,,1.0,OP00330526,2024/12/12,PE-PSI-434021-CS-INDV,Irrigation for Climate Resilient Agriculture,https://projects.worldbank.org/en/projects-operations/procurement-detail/OP00330526
P163023,Contract Award,Peru,2024,World Bank,MDB-financed,TFA8849,"Forestry; Public Administration - Agriculture, Fishing & Forestry",consulting,,USD,3750.0,Day,51.0,51.0,Individual Consultant,Perú,,,1.0,1.0,,,,,,Individual Consultant Selection,,,,0.0,OP00329720,2024/07/08,PE-PNCB-429326-CS-INDV-A,"Integrated Forest Landscape Management Project in Atalaya, Ucayali",https://projects.worldbank.org/en/projects-operations/procurement-detail/OP00329720
P132505,Contract Award,Peru,2024,World Bank,MDB-financed,IBRD83390,Urban Transport; Sub-National Government; Urban Transport; Sub-National Government,consulting,,USD,1439504.0,Day,212.0,212.0,COBA - CONSULT. DE ENGE. E AMB. S.A.,Perú,,,1.0,1.0,,,,,,Quality And Cost-Based Selection,,,,0.0,OP00328477,2016/03/22,PE-COPESCO-26926-CS-QCBS,Cusco Transport Improvement Project,https://projects.worldbank.org/en/projects-operations/procurement-detail/OP00328477
P162278,Contract Award,Peru,2024,World Bank,MDB-financed,IBRD90350,Sub-National Government; ICT Infrastructure,consulting,,USD,9549.07,Month,6.0,183.0,Individual Consultant,Peru,,,1.0,1.0,,,,,,Individual Consultant Selection,,,,1.0,OP00328482,2024/12/05,PE-COFOPRI-460044-CS-INDV,National Urban Cadaster and Municipal Support Project,https://projects.worldbank.org/en/projects-operations/procurement-detail/OP00328482
P174177,Contract Award,Peru,2024,World Bank,MDB-financed,IBRD92740,Health Facilities and Construction; Health; Public Administration - Health,goods,,PEN,72587.7,Day,45.0,45.0,MISION TECHNOLOGICA SAC,Perú,,,4.0,0.0,Perú,811804.15,Perú; Perú; Perú; Perú,PEN; PEN; PEN; PEN,811804.15; 5677309.13; 2574618.48; 15662896.00,Request for Quotations,,,,0.0,OP00324460,2024/10/04,PE-INS-446888-GO-RFQ,Peru: Strengthening of the Public Health Emergency Preparedness and Response,https://projects.worldbank.org/en/projects-operations/procurement-detail/OP00324460
P157043,Contract Award,Peru,2024,World Bank,MDB-financed,IBRD88990,"Water Supply; Sanitation; Public Administration - Water, Sanitation and Waste Management",consulting,,USD,1243386.24,Day,360.0,360.0,VINCI CONSTRUCTION GRANDS PROJETS,Francia,,,1.0,1.0,,,,,,Quality And Cost-Based Selection,,,,0.0,OP00327785,2024/10/29,PE-OTASS-414668-CS-QCBS,Modernization of Water Supply and Sanitation Services,https://projects.worldbank.org/en/projects-operations/procurement-detail/OP00327785
P174812,Request for Expression of Interest,Peru,2024,World Bank,MDB-financed,IBRD92880,Energy Transmission and Distribution; Public Administration - Energy and Extractives,consulting,,USD,167215.0,,,,,,,,,,,,,,,Individual Consultant Selection,,,,,OP00316214,,PE-MINEM/DGER-378790-CS-INDV,Transmission Investment Plan (PIT) to support Post-COVID-19 Green Economic Recovery in Peru,https://projects.worldbank.org/en/projects-operations/procurement-detail/OP00316214
P170658,Invitation for Bids,Peru,2024,World Bank,MDB-financed,IBRD90390,Public Administration - Information and Communications Technologies; Other Public Administration; ICT Infrastructure; ICT Services; Other Information and Communications Technologies,works,,USD,13816087.49,,,,,,,,,,,,,,,Request for Bids,,,,,OP00312786,,PE-PRONATEL-314271-CW-RFB,CENTRALIZED EMERGENCY RESPONSE SYSTEM PROJECT,https://projects.worldbank.org/en/projects-operations/procurement-detail/OP00312786
P162833,Contract Award,Peru,2024,World Bank,MDB-financed,IBRD89750,Law and Justice,consulting,,USD,36600.0,Month,7.0,214.0,Individual Consultant,Perú,,,1.0,1.0,,,,,,Individual Consultant Selection,,,,0.0,OP00311937,2022/07/13,PE-PJ-297507-CS-INDV,Improving the Performance of Non-Criminal Justice Services,https://projects.worldbank.org/en/projects-operations/procurement-detail/OP00311937
P170595,Contract Award,Peru,2024,World Bank,MDB-financed,IBRD90400,Urban Transport; Sanitation; Public Administration - Transportation,consulting,,USD,3213.0,Day,25.0,25.0,CESPEDES CARPIO FREDY JORGE,Peru,,,1.0,1.0,,,,,,Direct Selection,,,,1.0,OP00285244,2024/04/05,PE-EMAPE-421501-CS-INDV,Lima Metropolitano BRT North Extension,https://projects.worldbank.org/en/projects-operations/procurement-detail/OP00285244
P132515,Contract Award,Peru,2024,World Bank,MDB-financed,IBRD85620,Rural and Inter-Urban Roads; Public Administration - Transportation,goods,,PEN,2322166.0,Day,30.0,30.0,INKA LIDER AUTOMOTRIZ S.A,Peru,,,1.0,1.0,,,,,,Request for Bids,,,,1.0,OP00275150,2023/11/29,PE-PROVIAS-367266-GO-RFB,Support to the Subnational Transport Program Project,https://projects.worldbank.org/en/projects-operations/procurement-detail/OP00275150
P163255,Contract Award,Peru,2024,World Bank,MDB-financed,IBRD89200,Health; ICT Services; Health Facilities and Construction,consulting,,USD,10000.0,Day,90.0,90.0,Individual Consultant,Per,,,1.0,1.0,,,,,,Individual Consultant Selection,,,,0.0,OP00269238,2023/08/24,PE-PRONIS-345683-CS-INDV-BIS,Peru Integrated Health Networks,https://projects.worldbank.org/en/projects-operations/procurement-detail/OP00269238
P161316,Contract Award,St. Lucia,2024,World Bank,MDB-financed,TFB6751,Public Administration - Energy and Extractives; Renewable Energy Geothermal,consulting,,USD,25000.0,Month,12.0,366.0,Individual Consultant,St. Lucia,,,1.0,1.0,,,,,,Individual Consultant Selection,,,,1.0,OP00329356,2024/12/02,LC-MIPPDUR-426956-CS-INDV,Renewable Energy Sector Development Project,https://projects.worldbank.org/en/projects-operations/procurement-detail/OP00329356
P170445,Contract Award,St. Lucia,2024,World Bank,MDB-financed,IDA65560,Public Administration - Social Protection; Public Administration - Education; Social Protection; Workforce Development and Vocational Education; Secondary Education,consulting,,USD,35000.0,Month,6.0,183.0,Individual Consultant,St. Lucia,,,1.0,1.0,,,,,,Individual Consultant Selection,,,,1.0,OP00322633,2024/10/18,026/CS/IC/HCRP/08/2024,Saint Lucia Human Capital Resilience Project,https://projects.worldbank.org/en/projects-operations/procurement-detail/OP00322633
P170860,Contract Award,St. Lucia,2024,World Bank,MDB-financed,IDA66530,Aviation; Public Administration - Transportation,consulting,,USD,44000.0,Month,13.0,396.0,Individual Consultant,Qatar,,,1.0,1.0,,,,,,Individual Consultant Selection,,,,0.0,OP00317685,2024/10/22,LC- SLASPA-443326-CS-INDV,Saint Lucia - Caribbean Regional Air Transport Connectivity Project,https://projects.worldbank.org/en/projects-operations/procurement-detail/OP00317685
P166783,Contract Award,St. Lucia,2024,World Bank,MDB-financed,IDA63160,ICT Infrastructure; Public Administration - Health; Health; Health Facilities and Construction,goods,,USD,182915.25,Month,6.0,183.0,CEDI EUROPE BV,Netherlands,,,5.0,0.0,Jamaica,304732.00,Jamaica; United States; St. Lucia; St. Lucia; St. Lucia,USD; USD; USD; USD; USD,304732.00; 304999.00; 1551816.30; 1092324.74; 470242.00,Request for Bids,,,,0.0,OP00289652,2024/05/07,SLU_HSSP_OPHTH_EQUIP_RFB,Saint Lucia Health System Strengthening Project,https://projects.worldbank.org/en/projects-operations/procurement-detail/OP00289652
P172980,Request for Expression of Interest,St. Vincent and the Grenadines,2024,World Bank,MDB-financed,TFB8353,"Fisheries; Public Administration - Agriculture, Fishing & Forestry",consulting,,USD,407000.0,,,,,,,,,,,,,,,Quality And Cost-Based Selection,,,,,OP00329849,,SVGCMEMS-C-QCBS-1,Coastal and Marine Ecosystems Management Strengthening Project,https://projects.worldbank.org/en/projects-operations/procurement-detail/OP00329849
P507316,General Procurement Notice,St. Vincent and the Grenadines,2024,World Bank,MDB-financed,,transport,,,USD,,,,,,,,,,,,,,,,,,,,,OP00326920,,,Saint Vincent and the Grenadines: Beryl Emergency Resilient Recovery Project,https://projects.worldbank.org/en/projects-operations/procurement-detail/OP00326920
P176943,Contract Award,St. Vincent and the Grenadines,2024,World Bank,MDB-financed,IDA70060,Other Public Administration; Social Protection,goods,,XCD,34507.95,Day,120.0,120.0,ONE ST. VINCENT GROUP INC.,St. Vincent and the Grenadines,,,4.0,0.0,St. Vincent and the Grenadines,37630.00,United States; St. Vincent and the Grenadines; St. Vincent and the Grenadines; St. Vincent and the Grenadines,XCD; XCD; XCD; XCD,47887.73; 66660.00; 37630.00; 57047.00,Request for Quotations,,,,1.0,OP00326694,2024/09/11,SVG-VEEP-GO-RFQ-04,Saint Vincent and the Grenadines Volcanic Eruption Emergency Project,https://projects.worldbank.org/en/projects-operations/procurement-detail/OP00326694
P154253,Contract Award,St. Vincent and the Grenadines,2024,World Bank,MDB-financed,IDA60600,Public Administration - Education; Workforce Development and Vocational Education; Social Protection; Public Administration - Social Protection; Primary Education; Secondary Education,consulting,,USD,17000.0,Month,8.0,244.0,Individual Consultant,St. Vincent and the Grenadines,,,1.0,1.0,,,,,,Individual Consultant Selection,,,,1.0,OP00298585,2023/05/18,SVG-HDSD-CS-INDV-84,Human Development Service Delivery  Project,https://projects.worldbank.org/en/projects-operations/procurement-detail/OP00298585
P165973,Contract Award,Suriname,2024,World Bank,MDB-financed,IBRD89240,"Irrigation and Drainage; Public Administration - Agriculture, Fishing & Forestry",consulting,,USD,21700.0,Month,12.0,366.0,Individual Consultant,Suriname,,,1.0,1.0,,,,,,Individual Consultant Selection,,,,1.0,OP00327464,2024/12/04,MPW\WB\SCSRP\CMP4-041,Saramacca Canal System Rehabilitation Project,https://projects.worldbank.org/en/projects-operations/procurement-detail/OP00327464
P166187,Contract Award,Suriname,2024,World Bank,MDB-financed,IBRD89850,"Agricultural markets, commercialization and agri-business; Tourism; Capital Markets; Mining; Other Industry, Trade and Services; Public Administration - Industry, Trade and Services",goods,,USD,50824.0,Day,90.0,90.0,SIOC N.V,Suriname,,1.0,4.0,0.0,Suriname,54823.00,Suriname; Suriname; Suriname; Suriname,USD,54823.00,Request for Quotations,,,,1.0,OP00322448,2024/11/04,SR-MNR-354816-GO-RFQ,Competitiveness and Sector Diversification,https://projects.worldbank.org/en/projects-operations/procurement-detail/OP00322448
P173989,Request for Expression of Interest,Trinidad and Tobago,2024,World Bank,MDB-financed,IBRD91570,Health Facilities and Construction; Health; Public Administration - Health,consulting,,USD,60000.0,,,,,,,,,,,,,,,Least Cost Selection,,,,,OP00317938,,TT-MOH-365711-CS-LCS,Republic of Trinidad and Tobago: COVID-19 EMERGENCY RESPONSE PROJECT,https://projects.worldbank.org/en/projects-operations/procurement-detail/OP00317938
P180638,Contract Award,Uruguay,2024,World Bank,MDB-financed,IBRD96150,,consulting,,USD,226473.0,Month,8.0,244.0,MARTIN BOCKING,Uruguay,,,1.0,1.0,,,,,,Direct Selection,,,,1.0,OP00330869,2024/11/27,UY-MEF-460676-CS-CDS,Institutional Strengthening for Greater Competitiveness in Uruguay,https://projects.worldbank.org/en/projects-operations/procurement-detail/OP00330869
P176232,Contract Award,Uruguay,2024,World Bank,MDB-financed,IBRD93050,"Public Administration - Agriculture, Fishing & Forestry; Agricultural Extension, Research, and Other Support Activities; Livestock",consulting,,USD,647559.0,Month,6.0,183.0,Individual Consultant,Uruguay,,,1.0,1.0,,,,,,Individual Consultant Selection,,,,1.0,OP00330115,2022/03/07,UY-MGAP-293402-CS-INDV,Uruguay Agro-Ecological and Climate Resilient Systems Project,https://projects.worldbank.org/en/projects-operations/procurement-detail/OP00330115
P176105,Contract Award,Uruguay,2024,World Bank,MDB-financed,IBRD93310,Public Administration - Education; Other Education,works,,UYU,259006.0,Day,15.0,15.0,PABLO BUZO,Uruguay,,,1.0,1.0,Uruguay,640303.00,Uruguay,UYU,640303.00,Request for Quotations,,,,1.0,OP00322778,2024/11/08,PBC ESC.327 MDEO-2024-.443256-CW-RFQ,Strengthening Pedagogy and Governance in Uruguayan Public Schools Project,https://projects.worldbank.org/en/projects-operations/procurement-detail/OP00322778
