project_id,country,year_awarded,data_source,procurement_channel,funding_source,sector,project_type,contract_value_usd,contract_currency,contract_amount,contract_duration_original_unit,contract_duration_original,contract_duration_days,winning_firm_name,winning_firm_country,winning_firm_is_chinese,winning_firm_is_soe,number_of_bidders,if_single_bidder,bidder_country_lowest_price,bidder_lowest_price,bidder_country,bidder_price_currency,bidder_price,procurement_method,financing_linked_to_bid,financing_source_chinese,joint_venture,firm_registered_locally,record_id,notice_type,awarded_date,bid_reference_no,project_name,contract_url
P166537,Dominica,2024,World Bank,MDB-financed,IDAD3070,"Housing Construction; Public Administration - Industry, Trade and Services",consulting,,XCD,2500.0,Week,5.0,35,KENDELL LAWRENCE,Dominica,,,34,0,Dominica,2500.00,Dominica; Dominica; Dominica; Dominica; Dominica; Dominica; Dominica; Dominica; Dominica; Dominica; Dominica; Dominica; Dominica; Dominica; Dominica; Dominica; Dominica; Dominica; Dominica; Dominica; Dominica; Dominica; Dominica; Dominica; Dominica; Dominica; Dominica; Dominica; Dominica; Dominica; Dominica; Dominica; Dominica; Dominica,XCD; XCD; XCD; XCD; XCD; XCD; XCD; XCD; XCD; XCD; XCD; XCD; XCD; XCD; XCD; XCD; XCD; XCD; XCD; XCD; XCD; XCD; XCD; XCD; XCD; XCD; XCD; XCD; XCD; XCD; XCD; XCD; XCD; XCD,2500.00; 2500.00; 2500.00; 2500.00; 2500.00; 2500.00; 2500.00; 2500.00; 2500.00; 2500.00; 2500.00; 2500.00; 2500.00; 2500.00; 2500.00; 2500.00; 2500.00; 2500.00; 2500.00; 2500.00; 2500.00; 2500.00; 2500.00; 2500.00; 2500.00; 2500.00; 2500.00; 2500.00; 2500.00; 2500.00; 2500.00; 2500.00; 2500.00; 2500.00,Direct Selection,,,,1,OP00331062,Contract Award,2024/12/31,DM-MOH-446870-NC-DIR,Housing Recovery Project,https://projects.worldbank.org/en/projects-operations/procurement-detail/OP00331062
P171976,Haiti,2024,World Bank,MDB-financed,IDAD7240,Public Administration - Information and Communications Technologies; ICT Infrastructure; ICT Services,goods,,USD,34500.0,Week,12.0,84,UNIVERSAL MOTORS S. SA.,Haiti,,,1,1,Haiti,47724.43,Haiti,USD,47724.43,Request for Quotations,,,,1,OP00331113,Contract Award,2024/10/31,DC-001-HDAP/2024,Haiti Digital Acceleration Project,https://projects.worldbank.org/en/projects-operations/procurement-detail/OP00331113
P171833,Caribbean,2024,World Bank,MDB-financed,IDA70870,Other Public Administration,goods,,XCD,78000.0,Month,2.0,61,EUROPA HARDWARE,Grenada,,,1,1,,,,,,Request for Quotations,,,,0,OP00331075,Contract Award,2024/12/06,GD-MOIID-422384-GO-RFQ,Unleashing the Blue Economy of the Caribbean (UBEC),https://projects.worldbank.org/en/projects-operations/procurement-detail/OP00331075
P144271,Colombia,2024,World Bank,MDB-financed,TFB5182,Forestry; Sub-National Government; Central Government (Central Agencies); Forestry; Central Government (Central Agencies); Sub-National Government,consulting,,USD,10089.6,Day,360.0,360,Individual Consultant,Colombia,,,1,1,,,,,,Individual Consultant Selection,,,,1,OP00330909,Contract Award,2024/12/30,CO-PNF-466467-CS-INDV,Forest Conservation and Sustainability in the Heart of the Colombian Amazon,https://projects.worldbank.org/en/projects-operations/procurement-detail/OP00330909
P178564,Ecuador,2024,World Bank,MDB-financed,IBRD94210,Central Government (Central Agencies); ICT Services,consulting,,USD,30636.17,Day,61.0,61,DE TRANSPORTE PUBLICO EN CAMIONETAS MIXTA FEDERICO GONZÁLEZ SUÁREZ,Ecuador,,,1,1,,,,,,Request for Quotations,,,,1,OP00330942,Contract Award,2024/10/21,EC-INEC-446387-NC-RFQ,Strengthening the National Statistical System in Ecuador Project,https://projects.worldbank.org/en/projects-operations/procurement-detail/OP00330942
P180638,Uruguay,2024,World Bank,MDB-financed,IBRD96150,,consulting,,USD,226473.0,Month,8.0,244,MARTIN BOCKING,Uruguay,,,1,1,,,,,,Direct Selection,,,,1,OP00330869,Contract Award,2024/11/27,UY-MEF-460676-CS-CDS,Institutional Strengthening for Greater Competitiveness in Uruguay,https://projects.worldbank.org/en/projects-operations/procurement-detail/OP00330869
P158000,Brazil,2024,World Bank,MDB-financed,TFA6056,"Forestry; Public Administration - Agriculture, Fishing & Forestry; Agricultural markets, commercialization and agri-business; Other Agriculture, Fishing and Forestry",consulting,,USD,10617.3,Month,3.0,92,Individual Consultant,Brasil,,,1,1,,,,,,Individual Consultant Selection,,,,0,OP00330931,Contract Award,2024/12/20,BR-CI-441898-CS-INDV,Amazon Sustainable Landscapes Project,https://projects.worldbank.org/en/projects-operations/procurement-detail/OP00330931
P171528,Caribbean,2024,World Bank,MDB-financed,IDA66820,Other Information and Communications Technologies; ICT Services; ICT Infrastructure; Public Administration - Information and Communications Technologies,consulting,,USD,129520.0,Day,562.0,562,SHERALIN MONROSE GUSTAVE,St. Lucia,,,1,1,,,,,,Direct Selection,,,,0,OP00330899,Contract Award,2024/12/20,LC-DPS-462861-CS-CDS,Caribbean Digital Transformation Project,https://projects.worldbank.org/en/projects-operations/procurement-detail/OP00330899
P163868,Brazil,2024,World Bank,MDB-financed,IBRD88130,Secondary Education; Public Administration - Education,consulting,,USD,30653.62,Month,10.0,305,Individual Consultant,Brasil,,,1,1,,,,,,Individual Consultant Selection,,,,0,OP00330938,Contract Award,2022/02/18,CI. 61.4 - C0RRETA,Support to Upper Secondary Reform in Brazil Operation,https://projects.worldbank.org/en/projects-operations/procurement-detail/OP00330938
P162149,Dominica,2024,World Bank,MDB-financed,IDA63760,Renewable Energy Geothermal,consulting,,USD,200000.0,Day,52.0,52,BCQS INTERNATIONAL,Barbados,,,1,1,,,,,,Direct Selection,,,,0,OP00330945,Contract Award,2024/12/10,DM-DGDC-459357-CS-CQS,Dominica Geothermal Risk Mitigation Project,https://projects.worldbank.org/en/projects-operations/procurement-detail/OP00330945
P156239,Colombia,2024,World Bank,MDB-financed,IBRD86490,"Public Administration - Water, Sanitation and Waste Management; Water Supply; Waste Management; Sanitation",consulting,,USD,8910.0,Month,6.0,183,Individual Consultant,Colombia,,,1,1,,,,,,Individual Consultant Selection,,,,1,OP00330992,Contract Award,2022/05/16,PTSP-BIRF8649-178,CO Plan PAZcifico:Water Supply and Basic Sanitation Infrastructure and Service Delivery Project,https://projects.worldbank.org/en/projects-operations/procurement-detail/OP00330992
P176297,Peru,2024,World Bank,MDB-financed,IBRD93340,"Tertiary Education; Other Industry, Trade and Services; Public Administration - Industry, Trade and Services",consulting,,USD,15790.0,Month,12.0,366,Individual Consultant,Perú,,,1,1,,,,,,Individual Consultant Selection,,,,0,OP00330665,Contract Award,2024/12/20,PE-PROCIENCIA-438097-CS-INDV,"STRENGTHENING PERU'S NATIONAL SCIENCE, TECHNOLOGY AND INNOVATION SYSTEM",https://projects.worldbank.org/en/projects-operations/procurement-detail/OP00330665
P179534,Argentina,2024,World Bank,MDB-financed,IBRD95410,Health Facilities and Construction; Health; Public Administration - Health,goods,,ARS,92400000.0,Day,90.0,90,EXO SA,Argentina,,,2,0,Estados Unidos,153092478.00,Argentina; Estados Unidos,ARS; ARS,199916640.00; 153092478.00,Request for Bids,,,,1,OP00330678,Contract Award,2024/12/12,AR-DPOMFB-395517-GO-RFB,Strengthening the Digital Health Agenda in the Province of Buenos Aires,https://projects.worldbank.org/en/projects-operations/procurement-detail/OP00330678
P168539,OECS Countries,2024,World Bank,MDB-financed,IDA64760,Health Facilities and Construction; Health; Public Administration - Health,goods,,XCD,16734.47,Month,4.0,122,OPEN SOLUTIONS FOR HEALTH LTD.,Dominica,,,8,0,Trinidad and Tobago,21875.03,Trinidad and Tobago; Trinidad and Tobago; Spain; Grenada; Ghana; Barbados; Belize; United States,XCD; XCD; XCD; XCD; XCD; XCD; XCD; XCD,46855.28; 21875.03; 49344.52; 51692.50; 88541.24; 39367.88; 38118.10; 56989.69,Request for Quotations,,,,0,OP00330619,Contract Award,2024/12/27,GD-PCU - GRENADA-457028-GO-RFQ,OECS Regional Health Project,https://projects.worldbank.org/en/projects-operations/procurement-detail/OP00330619
P175669,Argentina,2024,World Bank,MDB-financed,IBRD93350,"Public Administration - Agriculture, Fishing & Forestry; Tourism; Other Agriculture, Fishing and Forestry; Social Protection",works,,ARS,5603956784.22,Day,480.0,480,CONCRET NOR S.A,Argentina,,,3,0,Argentina,5399199008.86,Argentina; Argentina; Argentina,ARS; ARS; ARS,11703192977.11; 5399199008.86; 8695941452.92,Request for Bids,,,,1,OP00330579,Contract Award,2024/12/26,AR-APN-284343-CW-RFB,Sustainable Recovery of Landscapes and Livelihoods in Argentina Project,https://projects.worldbank.org/en/projects-operations/procurement-detail/OP00330579
P167416,Ecuador,2024,World Bank,MDB-financed,IBRD93880,Social Protection; Public Administration - Social Protection,consulting,,USD,51750.0,Day,97.0,97,DELOITTE & TOUCHE ECUADOR CIA. LTDA.,Ecuador,,,1,1,,,,,,Consultant Qualification  Selection,,,,1,OP00330664,Contract Award,2024/12/26,EC-SENPLADES-452339-CS-CQS,Social Safety Net Project,https://projects.worldbank.org/en/projects-operations/procurement-detail/OP00330664
P172535,Colombia,2024,World Bank,MDB-financed,IBRD92460,"Housing Construction; Social Protection; Public Administration - Industry, Trade and Services",consulting,,USD,4199.0,Day,36.0,36,Individual Consultant,Colombia,,,1,1,,,,,,Individual Consultant Selection,,,,1,OP00330656,Contract Award,2024/11/18,CO-MINVIVIENDA-458604-CS-INDV,Colombia: Resilient and Inclusive Housing Project,https://projects.worldbank.org/en/projects-operations/procurement-detail/OP00330656
P162594,Colombia,2024,World Bank,MDB-financed,IBRD89370,"Other Public Administration; ICT Infrastructure; Public Administration - Agriculture, Fishing & Forestry",consulting,,COP,3017014306.0,Month,4.0,122,CONTROLES EMPRESARIALES S.A.S.,Colombia,,,4,0,Colombia,2507158924.00,Colombia; Colombia; Colombia; Colombia,COP; COP; COP; COP,3183879641.00; 3505609390.00; 2793556232.00; 2507158924.00,Request for Quotations,,,,1,OP00330657,Contract Award,2024/09/18,CO-IGAC-400441-NC-RFQ,Multipurpose Cadaster Project,https://projects.worldbank.org/en/projects-operations/procurement-detail/OP00330657
P168153,Paraguay,2024,World Bank,MDB-financed,IBRD90640,"Public Administration - Agriculture, Fishing & Forestry; Agricultural markets, commercialization and agri-business; Agricultural Extension, Research, and Other Support Activities; Social Protection",goods,,PYG,77352180.0,Day,15.0,15,KUATIAPO,Paraguay,,,1,1,,,,,,E-Auctions,,,,1,OP00330445,Contract Award,2024/11/06,PY-DINCAP-304898-GO-EA,Market Access for Agricultural Products Project,https://projects.worldbank.org/en/projects-operations/procurement-detail/OP00330445
P152057,Honduras,2024,World Bank,MDB-financed,IDA64010,"Workforce Development and Vocational Education; Adult, Basic and Continuing Education; Social Protection; Secondary Education; Public Administration - Social Protection",consulting,,HNL,216000.0,Month,12.0,366,OSCAR DAMIÁN GARCIA ORDOÑEZ,Honduras,,,1,1,,,,,,Direct Selection,,,,1,OP00330502,Contract Award,2024/12/18,HN-REDSOL-464418-NC-DIR,Social Protection Integration,https://projects.worldbank.org/en/projects-operations/procurement-detail/OP00330502
P174946,Argentina,2024,World Bank,MDB-financed,IBRD92240,ICT Infrastructure; Central Government (Central Agencies); ICT Services,consulting,,USD,16335.0,Day,65.0,65,BERGES FEDERICO GERMAN,Argentina,,,2,0,Argentina,17545.00,Argentina; Argentina,USD; USD,17545.00; 19360.00,Request for Quotations,,,,1,OP00327784,Contract Award,2024/11/22,AR-SIP-441360-NC-RFQ,Digital Inclusion and Innovation in Public Services in Argentina,https://projects.worldbank.org/en/projects-operations/procurement-detail/OP00327784
P164452,Nicaragua,2024,World Bank,MDB-financed,IDA61990,Public Administration - Health; Health,goods,,USD,54312.0,Day,90.0,90,JOSE HUMBERTO ROMERO,Nicaragua,,,1,1,,,,,,Request for Bids,,,,1,OP00330440,Contract Award,2022/03/18,NI-MINSA-258241-GO-RFB,NI - INTEGRATED PUBLIC PROVISION OF HEALTH CARE SERVICES,https://projects.worldbank.org/en/projects-operations/procurement-detail/OP00330440
P147158,Brazil,2024,World Bank,MDB-financed,IBRD86390,"Agricultural markets, commercialization and agri-business; Water Supply; Other Agriculture, Fishing and Forestry; Public Administration - Water, Sanitation and Waste Management",works,,BRL,16156279.8,Day,90.0,90,HYDROGEO PROJETOS E SERVIÇOS EIRELI,Brazil,,,1,1,,,,,,Request for Bids,,,,1,OP00312594,Contract Award,2024/06/14,BR-COOPERAR - PB-370258-CW-RFB,Paraiba Sustainable Rural Development,https://projects.worldbank.org/en/projects-operations/procurement-detail/OP00312594
P179037,Peru,2024,World Bank,MDB-financed,IBRD96160,"Irrigation and Drainage; Public Administration - Agriculture, Fishing & Forestry",consulting,,USD,113705.58,Day,90.0,90,Individual Consultant,Peru,,,1,1,,,,,,Individual Consultant Selection,,,,1,OP00330526,Contract Award,2024/12/12,PE-PSI-434021-CS-INDV,Irrigation for Climate Resilient Agriculture,https://projects.worldbank.org/en/projects-operations/procurement-detail/OP00330526
P170907,Haiti,2024,World Bank,MDB-financed,IDAD6290,Aviation; Public Administration - Transportation,consulting,,USD,4000000.0,Month,52.0,1586,CECOM CONSULTANTS S. A.,Haïti,,,1,1,,,,,,Quality And Cost-Based Selection,,,,0,OP00330270,Contract Award,2022/11/08,DP-006-CATCOP/2020,Caribbean Regional Air Transport Connectivity Project - Haiti,https://projects.worldbank.org/en/projects-operations/procurement-detail/OP00330270
P176232,Uruguay,2024,World Bank,MDB-financed,IBRD93050,"Public Administration - Agriculture, Fishing & Forestry; Agricultural Extension, Research, and Other Support Activities; Livestock",consulting,,USD,647559.0,Month,6.0,183,Individual Consultant,Uruguay,,,1,1,,,,,,Individual Consultant Selection,,,,1,OP00330115,Contract Award,2022/03/07,UY-MGAP-293402-CS-INDV,Uruguay Agro-Ecological and Climate Resilient Systems Project,https://projects.worldbank.org/en/projects-operations/procurement-detail/OP00330115
P165861,Bolivia,2024,World Bank,MDB-financed,IDA65170,"Sub-National Government; Urban Transport; Other Water Supply, Sanitation and Waste Management",consulting,,USD,30000.0,Day,363.0,363,Individual Consultant,Bolivia,,,1,1,,,,,,Individual Consultant Selection,,,,1,OP00330167,Contract Award,2024/12/12,UODPRU-CS-INDV-018,Bolivia Urban Resilience,https://projects.worldbank.org/en/projects-operations/procurement-detail/OP00330167
P172582,St Maarten,2024,World Bank,MDB-financed,TFB2513,Social Protection; Other Education; Public Administration - Social Protection; Health,consulting,,USD,36000.0,Day,1524.0,1524,CARIBBEAN PAYROLL COMPANY,Curacao,,,1,1,,,,,,Direct Selection,,,,0,OP00330168,Contract Award,2020/10/29,NL-UNICEF NL-190496.1-CS-CDS,Child Resilience and Protection Project,https://projects.worldbank.org/en/projects-operations/procurement-detail/OP00330168
P171778,Dominican Republic,2024,World Bank,MDB-financed,IBRD92420,"Waste Management; Sanitation; Public Administration - Water, Sanitation and Waste Management; Water Supply",consulting,,USD,10000.0,Month,12.0,366,Individual Consultant,República Dominicana,,,1,1,,,,,,Individual Consultant Selection,,,,0,OP00330154,Contract Award,2024/11/05,DO-INAPA-026-2024-CS-INDV,Water Supply and Wastewater Services Improvement Project,https://projects.worldbank.org/en/projects-operations/procurement-detail/OP00330154
P169125,El Salvador,2024,World Bank,MDB-financed,IBRD89480,Sub-National Government; Tourism; Rural and Inter-Urban Roads,works,,USD,56255.85,Day,60.0,60,"SIELMAN INVERSIONES, S.A. DE C.V.",El Salvador,,,4,0,El Salvador,59395.08,El Salvador; El Salvador; El Salvador; El Salvador,USD; USD; USD; USD,59395.08; 73778.60; 72062.59; 63413.19,Request for Quotations,,,,1,OP00329912,Contract Award,2024/10/11,SDC-DOM-BM-49/2024,El Salvador Local Economic Resilience Project,https://projects.worldbank.org/en/projects-operations/procurement-detail/OP00329912
P181560,Latin America and Caribbean,2024,World Bank,MDB-financed,TFC5087,Other Public Administration; Banking Institutions; Social Protection,,,USD,,Month,24.0,732,Individual Consultant,México,,,1,1,,,,,,,,,,0,OP00329871,Contract Award,2024/11/15,,Monitoring and Evaluation Capacity Building in Latin America and the Caribbean,https://projects.worldbank.org/en/projects-operations/procurement-detail/OP00329871
P147250,Guyana,2024,World Bank,MDB-financed,IDA67860,"Other Water Supply, Sanitation and Waste Management; Public Administration - Water, Sanitation and Waste Management; Other Transportation; Other Public Administration; Other Water Supply, Sanitation and Waste Management; Public Administration - Water, Sanitation and Waste Management; Other Transportation; Other Public Administration",goods,,GYD,8172763.0,Day,60.0,60,BEHARRY AUTOMOTIVE LIMITED,Guyana,,,1,1,,,,,,Direct Selection,,,,1,OP00329905,Contract Award,2024/03/16,GY/AF/IDA/FRMP-CP2-GO-DIR-04,GY Flood Risk Management,https://projects.worldbank.org/en/projects-operations/procurement-detail/OP00329905
P159843,Argentina,2024,World Bank,MDB-financed,IBRD89910,Housing Construction; Sub-National Government; Social Protection; Water Supply; Sanitation,consulting,,USD,42000.0,Month,5.0,152,Individual Consultant,Argentina,,,1,1,,,,,,Individual Consultant Selection,,,,1,OP00329863,Contract Award,2022/08/03,AR-OPISU-301815-CS-INDV,Metropolitan Buenos Aires Urban Transformation Project,https://projects.worldbank.org/en/projects-operations/procurement-detail/OP00329863
P177741,Guyana,2024,World Bank,MDB-financed,IDA71330,Secondary Education; Public Administration - Education; Workforce Development and Vocational Education,consulting,,USD,17500.0,Month,3.0,92,ENVIRONMENTAL MANAGEMENT CONSULTANT INC,Guyana,,,1,1,,,,,,Direct Selection,,,,1,OP00329870,Contract Award,2024/12/18,GY-MOE-458561-CS-CDS,Guyana Strengthening Human Capital through Education Project,https://projects.worldbank.org/en/projects-operations/procurement-detail/OP00329870
P167996,Paraguay,2024,World Bank,MDB-financed,IBRD89630,Health Facilities and Construction; Public Administration - Health; Health,goods,,PYG,13560000000.0,Month,5.0,152,CONSORCIO SOLUCIONES HOSPITALARES,Paraguay,,,1,1,,,,,,Request for Bids,,,,1,OP00329629,Contract Award,2024/11/04,PY-MSPBS-313561-GO-RFB,Paraguay Public Health Sector Strengthening,https://projects.worldbank.org/en/projects-operations/procurement-detail/OP00329629
P163023,Peru,2024,World Bank,MDB-financed,TFA8849,"Forestry; Public Administration - Agriculture, Fishing & Forestry",consulting,,USD,3750.0,Day,51.0,51,Individual Consultant,Perú,,,1,1,,,,,,Individual Consultant Selection,,,,0,OP00329720,Contract Award,2024/07/08,PE-PNCB-429326-CS-INDV-A,"Integrated Forest Landscape Management Project in Atalaya, Ucayali",https://projects.worldbank.org/en/projects-operations/procurement-detail/OP00329720
P167830,Colombia,2024,World Bank,MDB-financed,TFB0740,"Tourism; Agricultural markets, commercialization and agri-business; Forestry; Public Administration - Agriculture, Fishing & Forestry; Agricultural Extension, Research, and Other Support Activities",consulting,,COP,16182166.0,Week,1.0,7,HOTELES DE YOPAL SOCIEDAD POR ACCIONES SIMPLIFICADA,Colombia,,,1,1,,,,,,Request for Quotations,,,,1,OP00329438,Contract Award,2024/11/27,CO-WWF-436627-NC-RFQ,Orinoquia Integrated Sustainable Landscapes,https://projects.worldbank.org/en/projects-operations/procurement-detail/OP00329438
P173811,Haiti,2024,World Bank,MDB-financed,IDAE0620,Public Administration - Health; Health; Health Facilities and Construction,goods,,USD,73000.0,Day,180.0,180,OXFY NETWORK,Haïti,,,2,0,Haïti,82500.00,Haïti; Haïti,USD; USD,100500.00; 82500.00,Request for Quotations,,,,0,OP00329441,Contract Award,2024/08/28,HT-UGP-437414-GO-RFQ,Haiti COVID-19 Response,https://projects.worldbank.org/en/projects-operations/procurement-detail/OP00329441
P165055,Brazil,2024,World Bank,MDB-financed,IBRD90060,"Water Supply; Other Water Supply, Sanitation and Waste Management; Public Administration - Water, Sanitation and Waste Management",goods,,BRL,197019.0,Month,12.0,366,LENOVO TECNOLOGIA (BRASIL) LIMITADA,Brasil,,,1,1,,,,,,Request for Quotations,,,,0,OP00329450,Contract Award,2024/10/30,BR-COGERH-CE-05-GO-RFQ,Ceará Water Security and Governance,https://projects.worldbank.org/en/projects-operations/procurement-detail/OP00329450
P167455,Brazil,2024,World Bank,MDB-financed,IBRD89860,"Agricultural markets, commercialization and agri-business; Public Administration - Agriculture, Fishing & Forestry; Other Water Supply, Sanitation and Waste Management; Water Supply; Social Protection; Sanitation",consulting,,USD,59210.22,Year,2.0,732,Individual Consultant,Brasil,,,1,1,,,,,,Individual Consultant Selection,,,,0,OP00329453,Contract Award,2024/12/18,BR-IAC-441132-CS-INDV-CO,Ceara Rural Sustainable Development and Competitiveness Phase II,https://projects.worldbank.org/en/projects-operations/procurement-detail/OP00329453
P161316,St. Lucia,2024,World Bank,MDB-financed,TFB6751,Public Administration - Energy and Extractives; Renewable Energy Geothermal,consulting,,USD,25000.0,Month,12.0,366,Individual Consultant,St. Lucia,,,1,1,,,,,,Individual Consultant Selection,,,,1,OP00329356,Contract Award,2024/12/02,LC-MIPPDUR-426956-CS-INDV,Renewable Energy Sector Development Project,https://projects.worldbank.org/en/projects-operations/procurement-detail/OP00329356
P147278,Paraguay,2024,World Bank,MDB-financed,IBRD86380,Rural and Inter-Urban Roads; Urban Transport; Public Administration - Transportation,works,,PYG,56371242940.0,Month,12.0,366,CONSORCIO DEL SUR,Paraguay,,,2,0,Paraguay,54860189225.00,Paraguay; Paraguay,PYG,54860189225.00,Request for Bids,,,,1,OP00329178,Contract Award,2024/12/09,PY-MOPC-414107-CW-RFB,PY Transport Connectivity,https://projects.worldbank.org/en/projects-operations/procurement-detail/OP00329178
P169677,El Salvador,2024,World Bank,MDB-financed,IBRD90650,Health; Public Administration - Health; Health Facilities and Construction,goods,,USD,22418.0,Day,120.0,120,"GRUPO SORIANO LOPEZ, S.A DE C.V",El Salvador,,,1,1,,,,,,Request for Quotations,,,,1,OP00329233,Contract Award,2024/12/12,CSJ-220-MINSAL-GO-RFQ,Growing up Healthy Together: Comprehensive Early Childhood Development in El Salvador,https://projects.worldbank.org/en/projects-operations/procurement-detail/OP00329233
P163260,Dominican Republic,2024,World Bank,MDB-financed,IBRD89120,"Water Supply; Sanitation; Other Water Supply, Sanitation and Waste Management; Public Administration - Water, Sanitation and Waste Management; Other Agriculture, Fishing and Forestry; Irrigation and Drainage",goods,,USD,8820.5,Day,10.0,10,INVERSIONES SALDIVAR Y SOSA (INVERSALYSO,República Dominicana,,,1,1,,,,,,Request for Quotations,,,,0,OP00329199,Contract Award,2024/12/10,DO-RAWRM-408084-GO-RFQ,DR Resilient Agriculture and Integrated Water Resources Management,https://projects.worldbank.org/en/projects-operations/procurement-detail/OP00329199
P174244,Guyana,2024,World Bank,MDB-financed,TFB5951,Primary Education; Public Administration - Education; Tertiary Education; Other Education; Early Childhood Education,consulting,,USD,60000.0,Month,4.0,122,Individual Consultant,Guyana,,,1,1,,,,,,Individual Consultant Selection,,,,1,OP00328951,Contract Award,2023/11/28,GY-MOE-395875-CS-INDV,Guyana Education Sector Program Project,https://projects.worldbank.org/en/projects-operations/procurement-detail/OP00328951
P176781,Argentina,2024,World Bank,MDB-financed,IBRD93370,Social Protection; Public Administration - Social Protection,goods,,USD,349313.16,Day,10.0,10,ACSYS,Argentina,,,1,1,,,,,,Direct Selection,,,,1,OP00328880,Contract Award,2024/12/16,AR-MTESS-389248-NC-DIR,Promoting Better Jobs through Integrated Labor and Skills Programs,https://projects.worldbank.org/en/projects-operations/procurement-detail/OP00328880
P168385,Honduras,2024,World Bank,MDB-financed,IDA64480,"Agricultural markets, commercialization and agri-business; Public Administration - Industry, Trade and Services; Agricultural Extension, Research, and Other Support Activities",consulting,,USD,58800.0,Month,2.5,76,Individual Consultant,Honduras,,,1,1,,,,,,Individual Consultant Selection,,,,1,OP00328937,Contract Award,2024/10/14,HN-SAG-431465-CS-INDV,Integrating Innovation for Rural Competitiveness in Honduras - COMRURAL II,https://projects.worldbank.org/en/projects-operations/procurement-detail/OP00328937
P174986,OECS Countries,2024,World Bank,MDB-financed,IDA71120,Other Public Administration,consulting,,USD,20000.0,Month,10.0,305,Individual Consultant,St. Lucia,,,1,1,,,,,,Individual Consultant Selection,,,,0,OP00328946,Contract Award,2024/12/16,SLU-DDM-TECHSUP-CS-24,OECS Data for Decision Making (DDM) Project,https://projects.worldbank.org/en/projects-operations/procurement-detail/OP00328946
P167588,Grenada,2024,World Bank,MDB-financed,IDA64860,Central Government (Central Agencies); ICT Services; ICT Infrastructure,consulting,,USD,375000.0,Month,9.0,274,ERNST AND YOUNG SERVICES,Jamaica,,,1,1,,,,,,Direct Selection,,,,0,OP00328853,Contract Award,2024/10/13,GD-MOED-428273-CS-CDS,Digital Government for Resilience,https://projects.worldbank.org/en/projects-operations/procurement-detail/OP00328853
P170848,Dominican Republic,2024,World Bank,MDB-financed,TFB7197,"Forestry; Agricultural Extension, Research, and Other Support Activities; Public Administration - Agriculture, Fishing & Forestry",goods,,DOP,312935.12,Month,3.0,92,EDYJCSA SRL,República Dominicana,,,3,0,República Dominicana,332553.00,República Dominicana; República Dominicana; República Dominicana,DOP; DOP; DOP,332553.00; 454642.20; 384615.10,Request for Quotations,,,,0,OP00328703,Contract Award,2024/10/07,DO-ILMW-350177-GO-RFQ,Integrated Landscape Management in Dominican Republic Watersheds,https://projects.worldbank.org/en/projects-operations/procurement-detail/OP00328703
P177823,Dominican Republic,2024,World Bank,MDB-financed,IBRD94900,"Public Administration - Water, Sanitation and Waste Management; Other Energy and Extractives; Agricultural Extension, Research, and Other Support Activities; Central Government (Central Agencies); Other Water Supply, Sanitation and Waste Management; Water Supply; Sanitation",consulting,,DOP,978000.0,Year,2.0,732,JOHANNA VIOLA VENTURA,República Dominicana,,,1,1,,,,,,Direct Selection,,,,0,OP00328433,Contract Award,2024/08/22,DO-MEPYD-411115-CS-INDV,Dominican Republic Water Sector Modernization Program,https://projects.worldbank.org/en/projects-operations/procurement-detail/OP00328433
P175720,Grenada,2024,World Bank,MDB-financed,IDA71070,Rural and Inter-Urban Roads; Public Administration - Transportation,consulting,,USD,235000.0,Year,1.0,366,Individual Consultant,Trinidad and Tobago,,,1,1,,,,,,Individual Consultant Selection,,,,0,OP00328437,Contract Award,2024/11/20,GD-MOIID-463874-CDS-INDV,Grenada Resilience Improvement Project,https://projects.worldbank.org/en/projects-operations/procurement-detail/OP00328437
P178188,Haiti,2024,World Bank,MDB-financed,IDAE1700,"Water Supply; Sanitation; Public Administration - Water, Sanitation and Waste Management; Irrigation and Drainage; Other Water Supply, Sanitation and Waste Management",consulting,,USD,3638150.08,Year,4.0,1464,PADF,Haïti,,,2,0,Haïti,2542650.00,Haïti; Haïti,USD; USD,2542650.00; 2923559.88,Request for Bids,,,,0,OP00328460,Contract Award,2024/12/05,HT-AF-WSS-368989-CS-QCBS,Decentralized Sustainable and Resilient Rural Water and Sanitation Project,https://projects.worldbank.org/en/projects-operations/procurement-detail/OP00328460
P132505,Peru,2024,World Bank,MDB-financed,IBRD83390,Urban Transport; Sub-National Government; Urban Transport; Sub-National Government,consulting,,USD,1439504.0,Day,212.0,212,COBA - CONSULT. DE ENGE. E AMB. S.A.,Perú,,,1,1,,,,,,Quality And Cost-Based Selection,,,,0,OP00328477,Contract Award,2016/03/22,PE-COPESCO-26926-CS-QCBS,Cusco Transport Improvement Project,https://projects.worldbank.org/en/projects-operations/procurement-detail/OP00328477
P162278,Peru,2024,World Bank,MDB-financed,IBRD90350,Sub-National Government; ICT Infrastructure,consulting,,USD,9549.07,Month,6.0,183,Individual Consultant,Peru,,,1,1,,,,,,Individual Consultant Selection,,,,1,OP00328482,Contract Award,2024/12/05,PE-COFOPRI-460044-CS-INDV,National Urban Cadaster and Municipal Support Project,https://projects.worldbank.org/en/projects-operations/procurement-detail/OP00328482
P174177,Peru,2024,World Bank,MDB-financed,IBRD92740,Health Facilities and Construction; Health; Public Administration - Health,goods,,PEN,72587.7,Day,45.0,45,MISION TECHNOLOGICA SAC,Perú,,,4,0,Perú,811804.15,Perú; Perú; Perú; Perú,PEN; PEN; PEN; PEN,811804.15; 5677309.13; 2574618.48; 15662896.00,Request for Quotations,,,,0,OP00324460,Contract Award,2024/10/04,PE-INS-446888-GO-RFQ,Peru: Strengthening of the Public Health Emergency Preparedness and Response,https://projects.worldbank.org/en/projects-operations/procurement-detail/OP00324460
P169901,Honduras,2024,World Bank,MDB-financed,IDA66800,"Public Administration - Water, Sanitation and Waste Management; Irrigation and Drainage",consulting,,USD,39060.0,Day,105.0,105,Individual Consultant,Honduras,,,1,1,,,,,,Individual Consultant Selection,,,,1,OP00328283,Contract Award,2024/09/11,HN-SAG-403547-CS-INDV,Water Security in the Dry Corridor of Honduras,https://projects.worldbank.org/en/projects-operations/procurement-detail/OP00328283
P180872,Panama,2024,World Bank,MDB-financed,IBRD96090,Central Government (Central Agencies); ICT Services,consulting,,USD,5424378.86,Month,60.0,1830,"GBM DE PANAMÁ, S.A.",Panamá,,,1,1,,,,,,Direct Selection,,,,0,OP00328275,Contract Award,2024/10/11,PA-MEF-449843-NC-DIR,Consolidation of the Panama Public Financial Management Information System,https://projects.worldbank.org/en/projects-operations/procurement-detail/OP00328275
P167532,St Maarten,2024,World Bank,MDB-financed,TFA8176,Public Administration - Health; Health Facilities and Construction,consulting,,USD,120000.0,Month,6.0,183,Individual Consultant,St Maarten,,,1,1,,,,,,Individual Consultant Selection,,,,1,OP00328007,Contract Award,2023/08/16,AN-SMMC-359264-CS-INDV,Sint Maarten Hospital Resiliency & Preparedness Project,https://projects.worldbank.org/en/projects-operations/procurement-detail/OP00328007
P169140,Brazil,2024,World Bank,MDB-financed,IBRD90810,Urban Transport; Rural and Inter-Urban Roads; Public Administration - Transportation,works,,BRL,84551270.06,Month,18.0,549,MENDES HOLLER ENGENHARIA COMÉRCIO E CONSULTORIA LTDA,Brasil,,,1,1,,,,,,Request for Bids,,,,0,OP00327770,Contract Award,2024/11/05,BR-SMT/SPTRANS -195203-CW-RFB,São Paulo Aricanduva Bus Rapid Transit Corridor,https://projects.worldbank.org/en/projects-operations/procurement-detail/OP00327770
P157043,Peru,2024,World Bank,MDB-financed,IBRD88990,"Water Supply; Sanitation; Public Administration - Water, Sanitation and Waste Management",consulting,,USD,1243386.24,Day,360.0,360,VINCI CONSTRUCTION GRANDS PROJETS,Francia,,,1,1,,,,,,Quality And Cost-Based Selection,,,,0,OP00327785,Contract Award,2024/10/29,PE-OTASS-414668-CS-QCBS,Modernization of Water Supply and Sanitation Services,https://projects.worldbank.org/en/projects-operations/procurement-detail/OP00327785
P179067,St Maarten,2024,World Bank,MDB-financed,,"Public Administration - Water, Sanitation and Waste Management; Other Water Supply, Sanitation and Waste Management",consulting,,USD,56500.0,Month,12.0,366,Individual Consultant,St Maarten,,,1,1,,,,,,Individual Consultant Selection,,,,1,OP00327745,Contract Award,2024/11/19,SX-NRPB-446067-CS-INDV,SINT MAARTEN: WASTEWATER MANAGEMENT PROJECT,https://projects.worldbank.org/en/projects-operations/procurement-detail/OP00327745
P167347,St Maarten,2024,World Bank,MDB-financed,TFA9261,"Waste Management; Public Administration - Water, Sanitation and Waste Management",consulting,,USD,57500.0,Month,12.0,366,Individual Consultant,St Maarten,,,1,1,,,,,,Individual Consultant Selection,,,,1,OP00327748,Contract Award,2024/11/19,SX-NRPB-440828-CS-INDV,Sint Maarten Emergency Debris Management Project,https://projects.worldbank.org/en/projects-operations/procurement-detail/OP00327748
P171316,El Salvador,2024,World Bank,MDB-financed,IBRD90670,Early Childhood Education; Public Administration - Education; Workforce Development and Vocational Education,goods,,USD,238800.0,Day,60.0,60,"CONTINENTAL MOTORES, S.A. DE C.V.",El Salvador,,,1,1,,,,,,Request for Bids,,,,1,OP00327527,Contract Award,2024/12/09,SDO-62-2024-MINEDUCYT-BIRF,Growing Up and Learning Together: Comprehensive Early Childhood Development in El Salvador,https://projects.worldbank.org/en/projects-operations/procurement-detail/OP00327527
P159519,Guyana,2024,World Bank,MDB-financed,IDA60090,Public Administration - Education; Tertiary Education; Secondary Education; Primary Education; Early Childhood Education,consulting,,GYD,2410500.0,Week,1.0,7,HOT AND SPICY CREOLE CORNER,Guyana,,,1,1,,,,,,Request for Quotations,,,,1,OP00327516,Contract Award,2021/10/01,GESIP/NCS/RFQ/05,Guyana Education Sector Improvement Project,https://projects.worldbank.org/en/projects-operations/procurement-detail/OP00327516
P165973,Suriname,2024,World Bank,MDB-financed,IBRD89240,"Irrigation and Drainage; Public Administration - Agriculture, Fishing & Forestry",consulting,,USD,21700.0,Month,12.0,366,Individual Consultant,Suriname,,,1,1,,,,,,Individual Consultant Selection,,,,1,OP00327464,Contract Award,2024/12/04,MPW\WB\SCSRP\CMP4-041,Saramacca Canal System Rehabilitation Project,https://projects.worldbank.org/en/projects-operations/procurement-detail/OP00327464
P177072,Haiti,2024,World Bank,MDB-financed,IDAD9830,"Agricultural Extension, Research, and Other Support Activities; Social Protection; Public Administration - Agriculture, Fishing & Forestry",consulting,,USD,2800000.0,Month,28.0,854,AFC AGRICULTURE AND FINANCE CONSULTANTS GMBH,Allemagne,,,1,1,,,,,,Quality Based Selection,,,,0,OP00327287,Contract Award,2024/11/07,MARNDR/PARSA/PI/SFQ-08/23,Emergency Resilient Agriculture for Food Security Project,https://projects.worldbank.org/en/projects-operations/procurement-detail/OP00327287
P170391,Guatemala,2024,World Bank,MDB-financed,TFB5460,"Forestry; Public Administration - Agriculture, Fishing & Forestry",consulting,,USD,5000.0,Day,241.0,241,Individual Consultant,Guatemala,,,1,1,,,,,,Individual Consultant Selection,,,,1,OP00327117,Contract Award,2024/11/20,GT-SOTZ'IL-415352-CS-INDV,Guatemala Dedicated Grant Mechanism for Indigenous Peoples and Local Communities Project,https://projects.worldbank.org/en/projects-operations/procurement-detail/OP00327117
P159213,Guatemala,2024,World Bank,MDB-financed,IBRD87300,Public Administration - Social Protection; Health; Social Protection; Health Facilities and Construction,goods,,GTQ,212853.69,Week,8.0,56,DISTRIBUIDORA ML,Guatemala,,,1,1,,,,,,Request for Quotations,,,,1,OP00327095,Contract Award,2024/11/12,GT-MSPAS-418092-GO-RFQ,Crecer Sano: Guatemala Nutrition and Health  Project,https://projects.worldbank.org/en/projects-operations/procurement-detail/OP00327095
P175320,Paraguay,2024,World Bank,MDB-financed,IBRD94510,"Sub-National Government; Social Protection; Other Water Supply, Sanitation and Waste Management",consulting,,USD,24000.0,Month,12.0,366,Individual Consultant,Paraguay,,,1,1,,,,,,Individual Consultant Selection,,,,1,OP00326891,Contract Award,2024/10/30,PY-MOPC-446384-CS-INDV,Asuncion Riverfront Urban Resilience Project,https://projects.worldbank.org/en/projects-operations/procurement-detail/OP00326891
P179440,Dominican Republic,2024,World Bank,MDB-financed,IBRD95300,Social Protection; Public Administration - Social Protection,consulting,,USD,21658.0,Month,12.0,366,MAUREEN MELISSA TEJEDA METZ,República Dominicana,,,1,1,,,,,,Direct Selection,,,,0,OP00326941,Contract Award,2024/10/24,DO-SUPERATE-441499-CS-CDS,Integrated Social Protection Inclusion and Resilience Project (INSPIRE),https://projects.worldbank.org/en/projects-operations/procurement-detail/OP00326941
P176943,St. Vincent and the Grenadines,2024,World Bank,MDB-financed,IDA70060,Other Public Administration; Social Protection,goods,,XCD,34507.95,Day,120.0,120,ONE ST. VINCENT GROUP INC.,St. Vincent and the Grenadines,,,4,0,St. Vincent and the Grenadines,37630.00,United States; St. Vincent and the Grenadines; St. Vincent and the Grenadines; St. Vincent and the Grenadines,XCD; XCD; XCD; XCD,47887.73; 66660.00; 37630.00; 57047.00,Request for Quotations,,,,1,OP00326694,Contract Award,2024/09/11,SVG-VEEP-GO-RFQ-04,Saint Vincent and the Grenadines Volcanic Eruption Emergency Project,https://projects.worldbank.org/en/projects-operations/procurement-detail/OP00326694
P169161,Honduras,2024,World Bank,MDB-financed,IDA65600,Early Childhood Education; Public Administration - Education,consulting,,USD,62835.74,Month,9.23,282,Individual Consultant,Honduras,,,1,1,,,,,,Individual Consultant Selection,,,,1,OP00326659,Contract Award,2024/03/13,HN-SE-398677-CS-INDV,Honduras Early Childhood Education Improvement Project,https://projects.worldbank.org/en/projects-operations/procurement-detail/OP00326659
P172611,St Maarten,2024,World Bank,MDB-financed,TFB4218,Central Government (Central Agencies); ICT Services; Public Administration - Information and Communications Technologies,goods,,USD,198299.9,Month,12.0,366,CONVERGE SOLUTIONS,St. Lucia,,,1,1,,,,,,Request for Quotations,,,,0,OP00326565,Contract Award,2024/12/04,SX-NRPB-358229-GO-RFQ,Sint Maarten Digital Government Transformation Project,https://projects.worldbank.org/en/projects-operations/procurement-detail/OP00326565
P160680,Colombia,2024,World Bank,MDB-financed,TFA6376,"Forestry; Other Agriculture, Fishing and Forestry; Public Administration - Agriculture, Fishing & Forestry",consulting,,USD,9169.0,Month,3.5,107,Individual Consultant,Colombia,,,1,1,,,,,,Individual Consultant Selection,,,,1,OP00326318,Contract Award,2023/09/05,CO-MADR-346101-CS-INDV,Sustainable Low-Carbon Development in Orinoquia region Project,https://projects.worldbank.org/en/projects-operations/procurement-detail/OP00326318
P166328,Dominica,2024,World Bank,MDB-financed,IDAD3060,"Agricultural Extension, Research, and Other Support Activities; Fisheries; Crops; Public Administration - Agriculture, Fishing & Forestry; Livestock; Other Agriculture, Fishing and Forestry",goods,,XCD,405613.46,Week,8.0,56,B&B MONEY SAVERS INC,St. Lucia,,,2,0,Dominica,591571.56,Dominica; St. Lucia,XCD; XCD,591571.56; 632717.00,Request for Bids,,,,0,OP00326114,Contract Award,2024/10/30,DM-MAF-414662-GO-RFB,Emergency Agricultural Livelihoods and Climate Resilience Project,https://projects.worldbank.org/en/projects-operations/procurement-detail/OP00326114
P178595,Jamaica,2024,World Bank,MDB-financed,IBRD95860,Public Administration - Education; Secondary Education; Other Education,consulting,,USD,32000.0,Month,6.0,183,Individual Consultant,Jamaica,,,1,1,,,,,,Individual Consultant Selection,,,,1,OP00325959,Contract Award,2024/11/25,JM-MOEY-458609-CS-CDS,Jamaica Education Project,https://projects.worldbank.org/en/projects-operations/procurement-detail/OP00325959
P172079,Mexico,2024,World Bank,MDB-financed,TFB5479,"Agricultural markets, commercialization and agri-business; Livestock; Forestry; Public Administration - Agriculture, Fishing & Forestry",consulting,,MXN,119655.9,Day,6.0,6,"CORPORACIÓN HOTELERA DE LA FRONTERA, S.A. DE C.V. (HOTEL MARÍA BONITA)",México,,,2,0,México,119762.32,México; México,MXN; MXN,119762.32; 228499.52,Request for Quotations,,,,0,OP00325835,Contract Award,2024/10/25,MX-FMCN-455713-NC-RFQ,Connecting Watershed Health with Sustainable Livestock and Agroforestry Production Project,https://projects.worldbank.org/en/projects-operations/procurement-detail/OP00325835
P172352,Costa Rica,2024,World Bank,MDB-financed,IBRD90750,Public Administration - Information and Communications Technologies; ICT Services; Trade; Central Government (Central Agencies),consulting,,USD,125000.0,Month,18.0,549,DESPACHO CARVAJAL Y COLEGIADOS CONTADORES PÚBLICOS AUTORIZADOS,Costa Rica,,,1,1,,,,,,Least Cost Selection,,,,1,OP00325579,Contract Award,2024/11/28,CR-MOF-432354-CS-LCS,Costa Rica Fiscal Management Improvement Project,https://projects.worldbank.org/en/projects-operations/procurement-detail/OP00325579
P170854,El Salvador,2024,World Bank,MDB-financed,TFB7434,"Crops; Forestry; Other Agriculture, Fishing and Forestry; Other Public Administration; Public Administration - Agriculture, Fishing & Forestry",consulting,,USD,92400.0,Month,12.0,366,MELVIN JOSÉ PÉREZ OZUNA,El Salvador,,,1,1,,,,,,Direct Selection,,,,1,OP00325759,Contract Award,2024/11/28,SV-MARN-457048-CS-CDS,El Salvador Integrated Landscape Management and Restoration,https://projects.worldbank.org/en/projects-operations/procurement-detail/OP00325759
P166279,Jamaica,2024,World Bank,MDB-financed,IBRD90170,"Tourism; Public Administration - Agriculture, Fishing & Forestry; Agricultural Extension, Research, and Other Support Activities; Agricultural markets, commercialization and agri-business",consulting,,USD,40714.0,Month,15.0,458,GDM ASSOCIATES LIMITED,Jamaica,,,1,1,,,,,,Least Cost Selection,,,,1,OP00325518,Contract Award,2021/03/21,C1-020-R1,Second Rural Economic Development Initiative (REDI II) Project,https://projects.worldbank.org/en/projects-operations/procurement-detail/OP00325518
P176982,Brazil,2024,World Bank,MDB-financed,IBRD95190,"Public Administration - Water, Sanitation and Waste Management; Sub-National Government; Other Water Supply, Sanitation and Waste Management; Forestry",consulting,,BRL,916441.23,Month,60.0,1830,SOFTPLAN PLANEJAMENTO E SISTEMAS,Brasil,,,1,1,,,,,,Request for Bids,,,,0,OP00325560,Contract Award,2024/11/12,BR-AGERH-ES-431482-NC-RFP,Brazil: Espirito Santo Water Security Management Project,https://projects.worldbank.org/en/projects-operations/procurement-detail/OP00325560
P152285,Brazil,2024,World Bank,MDB-financed,TFA6065,"Public Administration - Agriculture, Fishing & Forestry; Forestry",consulting,,USD,15000.0,Month,3.0,92,IRIS ROITMAN,Brasil,,,1,1,,,,,,Direct Selection,,,,0,OP00325329,Contract Award,2023/03/21,BR-FUNATURA-339309-CS-CDS,Brazil Investment Plan Coordination Project,https://projects.worldbank.org/en/projects-operations/procurement-detail/OP00325329
P173881,Panama,2024,World Bank,MDB-financed,IBRD93770,Public Administration - Health; Health,goods,,USD,688.52,Year,1.0,366,"DATASERVE, S.A.",Panama,,,1,1,,,,,,Request for Quotations,,,,1,OP00325374,Contract Award,2024/11/22,B08-24,Panama COVID-19 Emergency Response,https://projects.worldbank.org/en/projects-operations/procurement-detail/OP00325374
P176905,Argentina,2024,World Bank,MDB-financed,IBRD93130,"Agricultural Extension, Research, and Other Support Activities; Agricultural markets, commercialization and agri-business; Public Administration - Agriculture, Fishing & Forestry",goods,,USD,113896.0,Day,1890.0,1890,DATAWISE SA,Argentina,,,3,0,Argentina,104390.00,Argentina; Argentina; Argentina,USD; USD; USD,104390.00; 149461.47; 188400.00,Request for Bids,,,,1,OP00325409,Contract Award,2023/04/10,AR-UCAR-305964-GO-RFB,Climate Intelligent and Inclusive Agri-food Systems Project,https://projects.worldbank.org/en/projects-operations/procurement-detail/OP00325409
P152307,Jamaica,2024,World Bank,MDB-financed,IBRD88220,Capital Markets; Public Administration - Financial Sector,consulting,,USD,86000.0,Month,3.0,92,A2F CONSULTING LLC,United States,,,1,1,,,,,,Direct Selection,,,,0,OP00325338,Contract Award,2024/10/08,JM-DBJ-438198-CS-CDS,Access to Finance for MSMEs,https://projects.worldbank.org/en/projects-operations/procurement-detail/OP00325338
P179046,Brazil,2024,World Bank,MDB-financed,IBRD95830,Public Administration - Education; Public Administration - Social Protection; Sub-National Government; Central Government (Central Agencies); Public Administration - Health,consulting,,USD,98500.0,Month,24.0,732,Individual Consultant,Brasil,,,1,1,,,,,,Individual Consultant Selection,,,,0,OP00325093,Contract Award,2024/11/18,BR-SEPLAN - AC-365008-CS-INDV-SEPLAN 3.0,Progestão Acre: Public Sector Management Efficiency,https://projects.worldbank.org/en/projects-operations/procurement-detail/OP00325093
P147280,Ecuador,2024,World Bank,MDB-financed,IBRD85790,"Urban Transport; Other Industry, Trade and Services; Sub-National Government; Urban Transport; Other Industry, Trade and Services; Sub-National Government",consulting,,USD,760000.0,Day,165.0,165,CUADRA URBANISMO S.A. DE C.V.,México,,,1,1,,,,,,Quality And Cost-Based Selection,,,,0,OP00325202,Contract Award,2022/10/03,EC-GAD-I-2021-CS-SBCC-04,EC Ibarra Transport Infrastructure Improvement Project,https://projects.worldbank.org/en/projects-operations/procurement-detail/OP00325202
P163115,Argentina,2024,World Bank,MDB-financed,IBRD88100,Other Transportation; Public Administration - Transportation,consulting,,USD,1000.0,Month,1.0,30,Individual Consultant,Argentina,,,1,1,,,,,,Individual Consultant Selection,,,,1,OP00325176,Contract Award,2022/03/02,AR-DNV-262957-CS-INDV,Northwestern Road Development Corridor Project,https://projects.worldbank.org/en/projects-operations/procurement-detail/OP00325176
P151439,Ecuador,2024,World Bank,MDB-financed,IBRD88880,Sanitation; Sanitation,consulting,,USD,80640.0,Month,14.0,427,Individual Consultant,Ecuador,,,1,1,,,,,,Individual Consultant Selection,,,,1,OP00324966,Contract Award,2024/08/26,EC-EMAPAG-CS-INDV-031,EC Guayaquil Wastewater Management Project,https://projects.worldbank.org/en/projects-operations/procurement-detail/OP00324966
P178553,Argentina,2024,World Bank,MDB-financed,IBRD95210,Other Energy and Extractives; Public Administration - Energy and Extractives; Renewable Energy Solar; Energy Transmission and Distribution,works,,USD,2149340.28,Month,3.0,92,MEGA SRL,Argentina,,,5,0,Argentina,2352613.09,Argentina; Argentina; Argentina; Argentina; Argentina,USD,2352613.09,Request for Bids,,,,1,OP00307376,Contract Award,2021/10/14,AR-SE-226306-CW-RFB,Clean Energy for Vulnerable Households and Communities Project,https://projects.worldbank.org/en/projects-operations/procurement-detail/OP00307376
P172753,St Maarten,2024,World Bank,MDB-financed,TFB8048,Primary Education; Other Education; Public Administration - Education,works,,USD,8016001.23,Day,547.0,547,ZHENJIANG NO.2 CONSTRUCTION ENGINEERING CO. LTD,China,1.0,,1,1,United States,9219902.87,United States,USD,9219902.87,Request for Bids,,,,0,OP00324177,Contract Award,2024/10/18,SX-NRPB-388002-CW-RFB,FOSTERING RESILIENT LEARNING PROJECT,https://projects.worldbank.org/en/projects-operations/procurement-detail/OP00324177
P179751,Dominican Republic,2024,World Bank,MDB-financed,TFC1065,Social Protection; Public Administration - Social Protection,goods,,DOP,1309401.16,Month,1.0,30,ITCORP GONGLOSS,República Dominicana,,,1,1,,,,,,Request for Quotations,,,,0,OP00324246,Contract Award,2024/11/13,DO-MRHM-361349-GO-RFQ,SPF: Dominican Republic Multisectoral Response to Human Mobility,https://projects.worldbank.org/en/projects-operations/procurement-detail/OP00324246
P156880,Colombia,2024,World Bank,MDB-financed,IBRD87980,"Ports/Waterways; Public Administration - Water, Sanitation and Waste Management; Sanitation; Public Administration - Transportation; Water Supply",consulting,,USD,23731.0,Month,6.0,183,Individual Consultant,Colombia,,,1,1,,,,,,Individual Consultant Selection,,,,1,OP00323204,Contract Award,2023/09/21,PTSP-BIRF-8798-153,Enhancing Waterway Connectivity and Water Service Provision in Colombia’s Plan Pazcifico,https://projects.worldbank.org/en/projects-operations/procurement-detail/OP00323204
P167339,St Maarten,2024,World Bank,MDB-financed,TFB5199,"Other Energy and Extractives; Other Public Administration; Housing Construction; Other Water Supply, Sanitation and Waste Management",consulting,,USD,142450.0,Month,12.0,366,Individual Consultant,India,,,1,1,,,,,,Individual Consultant Selection,,,,0,OP00323197,Contract Award,2024/07/18,SX-NRPB-403118-CS-INDV,Sint Maarten Emergency Recovery Project I,https://projects.worldbank.org/en/projects-operations/procurement-detail/OP00323197
P175977,Honduras,2024,World Bank,MDB-financed,IDA68220,Other Public Administration; Sub-National Government; Social Protection,works,,HNL,45154764.95,Day,300.0,300,"EMPRESA EN OBRAS DE CONSTRUCCIÓN S.A. DE C.V. ""ENOC S.A.""",Honduras,,,1,1,,,,,,Request for Bids,,,,1,OP00323219,Contract Award,2024/10/31,HN-SEDECOAS-408311-CW-RFB,Honduras Tropical Cyclones Eta and Iota Emergency Recovery Project,https://projects.worldbank.org/en/projects-operations/procurement-detail/OP00323219
P168549,St Maarten,2024,World Bank,MDB-financed,TFA9223,"Other Industry, Trade and Services; Public Administration - Industry, Trade and Services",consulting,,USD,140000.0,Month,6.0,183,Individual Consultant,Curacao,,,1,1,,,,,,Individual Consultant Selection,,,,0,OP00323232,Contract Award,2024/07/30,SX-NRPB-396428-CS-INDV,Sint Maarten Enterprise Support Project,https://projects.worldbank.org/en/projects-operations/procurement-detail/OP00323232
P176105,Uruguay,2024,World Bank,MDB-financed,IBRD93310,Public Administration - Education; Other Education,works,,UYU,259006.0,Day,15.0,15,PABLO BUZO,Uruguay,,,1,1,Uruguay,640303.00,Uruguay,UYU,640303.00,Request for Quotations,,,,1,OP00322778,Contract Award,2024/11/08,PBC ESC.327 MDEO-2024-.443256-CW-RFQ,Strengthening Pedagogy and Governance in Uruguayan Public Schools Project,https://projects.worldbank.org/en/projects-operations/procurement-detail/OP00322778
P166187,Suriname,2024,World Bank,MDB-financed,IBRD89850,"Agricultural markets, commercialization and agri-business; Tourism; Capital Markets; Mining; Other Industry, Trade and Services; Public Administration - Industry, Trade and Services",goods,,USD,50824.0,Day,90.0,90,SIOC N.V,Suriname,,1.0,4,0,Suriname,54823.00,Suriname; Suriname; Suriname; Suriname,USD,54823.00,Request for Quotations,,,,1,OP00322448,Contract Award,2024/11/04,SR-MNR-354816-GO-RFQ,Competitiveness and Sector Diversification,https://projects.worldbank.org/en/projects-operations/procurement-detail/OP00322448
P166730,Guyana,2024,World Bank,MDB-financed,IDA63820,Oil and Gas; Public Administration - Energy and Extractives; ICT Services,consulting,,USD,170000.0,Month,12.0,366,SAMSON TOKPAH,United States,,,1,1,,,,,,Direct Selection,,,,0,OP00322543,Contract Award,2024/10/24,GPRGMP/DS/2024/IC-1,Guyana Petroleum Resources Governance and Management Project,https://projects.worldbank.org/en/projects-operations/procurement-detail/OP00322543
P170445,St. Lucia,2024,World Bank,MDB-financed,IDA65560,Public Administration - Social Protection; Public Administration - Education; Social Protection; Workforce Development and Vocational Education; Secondary Education,consulting,,USD,35000.0,Month,6.0,183,Individual Consultant,St. Lucia,,,1,1,,,,,,Individual Consultant Selection,,,,1,OP00322633,Contract Award,2024/10/18,026/CS/IC/HCRP/08/2024,Saint Lucia Human Capital Resilience Project,https://projects.worldbank.org/en/projects-operations/procurement-detail/OP00322633
P181079,Ecuador,2024,World Bank,MDB-financed,IBRD95550,Rural and Inter-Urban Roads; Public Administration - Transportation,consulting,,USD,64400.0,Month,48.0,1464,Individual Consultant,Ecuador,,,1,1,,,,,,Individual Consultant Selection,,,,1,OP00322650,Contract Award,2024/11/12,EC-MTOP-460984-CS-INDV,Ecuador: Emergency Resilient Reconstruction Project,https://projects.worldbank.org/en/projects-operations/procurement-detail/OP00322650
P167512,Haiti,2024,World Bank,MDB-financed,COFNC1930,Health; Public Administration - Health; Health Facilities and Construction,works,,USD,2536371.0,Month,12.0,366,WORLD FOOD PROGRAMME (WFP),Monde,,,1,1,,,,,,Direct Selection,,,,0,OP00322645,Contract Award,2024/10/31,HT-UGP-437419-CW-DIR,Strengthening Primary Health Care and Surveillance in Haiti,https://projects.worldbank.org/en/projects-operations/procurement-detail/OP00322645
P173125,Honduras,2024,World Bank,MDB-financed,IDA66960,"Public Administration - Water, Sanitation and Waste Management; Water Supply; Sanitation",consulting,,USD,26400.0,Month,12.0,366,Individual Consultant,Honduras,,,1,1,,,,,,Individual Consultant Selection,,,,1,OP00322347,Contract Award,2024/11/12,HN-SAG-403380-CS-INDV,Urban Water Supply Strengthening Project,https://projects.worldbank.org/en/projects-operations/procurement-detail/OP00322347
P168911,Argentina,2024,World Bank,MDB-financed,IBRD89990,Tertiary Education; Primary Education; Public Administration - Education; Secondary Education,consulting,,USD,5300.0,Day,45.0,45,Individual Consultant,Argentina,,,1,1,,,,,,Individual Consultant Selection,,,,1,OP00322158,Contract Award,2024/08/21,AR-ME-439945-CS-INDV,Improving Inclusion in Secondary and Higher Education,https://projects.worldbank.org/en/projects-operations/procurement-detail/OP00322158
P172605,Brazil,2024,World Bank,MDB-financed,IBRD91620,Health; Secondary Education; Primary Education; Social Protection; Other Public Administration,consulting,,BRL,2017512.0,Month,16.0,488,KRP CONSULTORIA EM TECNOLOGIA DE INFORMACAO LTDA,Brasil,,,1,1,,,,,,Request for Bids,,,,0,OP00321498,Contract Award,2024/08/21,BR-CASA CIVIL-382746-NC-RFB,Salvador Social Multi-Sector Service Delivery Project II,https://projects.worldbank.org/en/projects-operations/procurement-detail/OP00321498
P173861,Honduras,2024,World Bank,MDB-financed,IDA68680,Public Administration - Health,consulting,,HNL,5570841.28,Day,30.0,30,MACC MEDICAL S. DE R.L.,Honduras,,,1,1,,,,,,Direct Selection,,,,1,OP00321332,Contract Award,2024/10/11,HN-SESAL-453152-NC-DIR,Honduras COVID-19 Emergency Response Project,https://projects.worldbank.org/en/projects-operations/procurement-detail/OP00321332
P178663,Brazil,2024,World Bank,MDB-financed,IBRD95930,Central Government (Central Agencies); Insurance and Pension; Social Protection; ICT Services; Health,consulting,,USD,100000.0,Month,17.0,518,Individual Consultant,Brasil,,,1,1,,,,,,Individual Consultant Selection,,,,0,OP00321262,Contract Award,2024/11/04,BR-SEFAZ-PI-COMP3-CGE-442544-CS-INDV,Progestão Piauí: Public Sector Management Efficiency,https://projects.worldbank.org/en/projects-operations/procurement-detail/OP00321262
P172893,Latin America and Caribbean,2024,World Bank,MDB-financed,TFB8254,"Public Administration - Agriculture, Fishing & Forestry; Forestry; Fisheries",consulting,,USD,132000.0,Day,1058.0,1058,Individual Consultant,Ecuador,,,1,1,,,,,,Individual Consultant Selection,,,,0,OP00321042,Contract Award,2024/10/22,CI-WCS-436838,Integrated watershed management of the Putumayo-Içá river basin,https://projects.worldbank.org/en/projects-operations/procurement-detail/OP00321042
P173464,Jamaica,2024,World Bank,MDB-financed,TFB5467,Other Public Administration,consulting,,USD,14013.0,Month,9.5,290,Individual Consultant,Antigua and Barbuda,,,1,1,,,,,,Individual Consultant Selection,,,,0,OP00320696,Contract Award,2024/10/09,DO-INTEC-448613-CS-INDV,Critical Ecosystem Partnership Fund – Caribbean Hotspot Project,https://projects.worldbank.org/en/projects-operations/procurement-detail/OP00320696
P161798,Argentina,2024,World Bank,MDB-financed,IBRD87360,"Irrigation and Drainage; Other Water Supply, Sanitation and Waste Management; Public Administration - Water, Sanitation and Waste Management",consulting,,USD,6971.0,Day,61.0,61,Individual Consultant,Argentina,,,1,1,,,,,,Individual Consultant Selection,,,,1,OP00320422,Contract Award,2024/10/23,AR-UCEPO-449813-CS-INDV,Salado Integrated River Basin Management Support Project,https://projects.worldbank.org/en/projects-operations/procurement-detail/OP00320422
P157715,OECS Countries,2024,World Bank,MDB-financed,"IBRD88830, IDA62640, IDA62650, IDA62660, IDA62670",Capital Markets; Public Administration - Financial Sector,consulting,,USD,25000.0,Year,1.0,366,KIRK C. N. BROWN,Barbados,,,1,1,,,,,,Direct Selection,,,,0,OP00319724,Contract Award,2022/05/11,KN-ECPCGC-292676-CS-CDS,OECS MSME Guarantee Facility Project,https://projects.worldbank.org/en/projects-operations/procurement-detail/OP00319724
P170469,Honduras,2024,World Bank,MDB-financed,IDA64600,"Water Supply; Sanitation; Other Water Supply, Sanitation and Waste Management; Public Administration - Water, Sanitation and Waste Management",goods,,HNL,563500.0,Day,90.0,90,HONDURAS ESPAÑA CONSTRUCCIONES S. DE R.L. DE C.V. (HONESCON),Honduras,,,2,0,Honduras,1105373.38,Honduras; Honduras,HNL; HNL,1105373.38; 1616171.36,Request for Quotations,,,,1,OP00319747,Contract Award,2024/10/29,HN-AMDC-418513-GO-RFQ,TEGUCIGALPA: WATER SUPPLY STRENGTHENING PROJECT,https://projects.worldbank.org/en/projects-operations/procurement-detail/OP00319747
P179088,Brazil,2024,World Bank,MDB-financed,IBRD95840,Public Administration - Education; Public Administration - Social Protection; Central Government (Central Agencies); Sub-National Government; Public Administration - Health,consulting,,BRL,70000.0,Year,2.0,732,SÁ LEITÃO AUDITORES S/S,Brasil,,,6,0,Brasil,74400.00,Brasil; Brasil; Brasil; Brasil; Brasil; Brasil,BRL; BRL; BRL; BRL; BRL; BRL,158440.00; 137820.00; 195480.00; 100000.00; 95000.00; 74400.00,Request for Quotations,,,,0,OP00319104,Contract Award,2024/10/04,6-SEPLAN,Progestão Tocantins: Public Sector Management Efficiency,https://projects.worldbank.org/en/projects-operations/procurement-detail/OP00319104
P165870,Haiti,2024,World Bank,MDB-financed,IDAE0450,Other Public Administration,works,,USD,46618.03,Day,90.0,90,SOCIETE D’INGENIERIE ET RECONSTRUCTION D’INFRASTRUCTURE SOCIALE EN HAITI,Haïti,,,1,1,,,,,,Direct Selection,,,,0,OP00318932,Contract Award,2024/01/18,HT-UCP/MICT-402413-CW-DIR,Strengthening DRM and Climate Resilience Project,https://projects.worldbank.org/en/projects-operations/procurement-detail/OP00318932
P175672,Bolivia,2024,World Bank,MDB-financed,IBRD94370,"Public Administration - Agriculture, Fishing & Forestry; Other Agriculture, Fishing and Forestry; Agricultural Extension, Research, and Other Support Activities; Agricultural markets, commercialization and agri-business",consulting,,USD,69980.0,Day,90.0,90,Individual Consultant,Bolivia,,,1,1,,,,,,Individual Consultant Selection,,,,1,OP00318410,Contract Award,2024/06/20,BO-EMPODERAR-379660-CS-INDV,Innovation for Resilient Food Systems (Alianzas Rurales - PAR III) Project,https://projects.worldbank.org/en/projects-operations/procurement-detail/OP00318410
P177987,Belize,2024,World Bank,MDB-financed,IBRD93440,Health; Public Administration - Health; Health Facilities and Construction,goods,,BZD,194550.0,Month,3.0,92,BELIZE DIESEL & EQUIPMENT,Belize,,,1,1,,,,,,Request for Bids,,,,1,OP00317990,Contract Award,2024/10/22,BZ-MOHW-430444-GO-RFQ,Belize COVID-19 Response Project,https://projects.worldbank.org/en/projects-operations/procurement-detail/OP00317990
P173989,Trinidad and Tobago,2024,World Bank,MDB-financed,IBRD91570,Health Facilities and Construction; Health; Public Administration - Health,consulting,,USD,39000.0,Year,1.0,366,Individual Consultant,Trinidad and Tobago,,,1,1,,,,,,Individual Consultant Selection,,,,1,OP00318067,Contract Award,2022/09/20,TT-MOH-IC-3,Republic of Trinidad and Tobago: COVID-19 EMERGENCY RESPONSE PROJECT,https://projects.worldbank.org/en/projects-operations/procurement-detail/OP00318067
P159835,Mexico,2024,World Bank,MDB-financed,TFA7021,"Agricultural Extension, Research, and Other Support Activities; Public Administration - Agriculture, Fishing & Forestry; Agricultural markets, commercialization and agri-business",consulting,,USD,22920.0,Month,6.0,183,Individual Consultant,México,,,1,1,,,,,,Individual Consultant Selection,,,,0,OP00318062,Contract Award,2024/09/17,MX-SEMARNAT-433158-CS-INDV,Mexico: Sustainable Productive Landscapes Project,https://projects.worldbank.org/en/projects-operations/procurement-detail/OP00318062
P153012,Brazil,2024,World Bank,MDB-financed,IBRD87470,Sub-National Government; Tourism,consulting,,USD,150000.0,Month,7.0,214,CERTARE ENGENHARIA E CONSULTORIA LTDA,Brasil,,,1,1,,,,,,Consultant Qualification  Selection,,,,0,OP00318018,Contract Award,2024/10/17,BR-SEUMA-411711-CS-CQS,Fortaleza Sustainable Urban Development Project,https://projects.worldbank.org/en/projects-operations/procurement-detail/OP00318018
P172980,St. Vincent and the Grenadines,2024,World Bank,MDB-financed,TFB8353,"Fisheries; Public Administration - Agriculture, Fishing & Forestry",consulting,,USD,88000.0,Month,11.0,336,Individual Consultant,St. Vincent and the Grenadines,,,1,1,,,,,,Individual Consultant Selection,,,,1,OP00317691,Contract Award,2023/07/04,SVGCMEMS-C-IC-11,Coastal and Marine Ecosystems Management Strengthening Project,https://projects.worldbank.org/en/projects-operations/procurement-detail/OP00317691
P170860,St. Lucia,2024,World Bank,MDB-financed,IDA66530,Aviation; Public Administration - Transportation,consulting,,USD,44000.0,Month,13.0,396,Individual Consultant,Qatar,,,1,1,,,,,,Individual Consultant Selection,,,,0,OP00317685,Contract Award,2024/10/22,LC- SLASPA-443326-CS-INDV,Saint Lucia - Caribbean Regional Air Transport Connectivity Project,https://projects.worldbank.org/en/projects-operations/procurement-detail/OP00317685
P157575,Panama,2024,World Bank,MDB-financed,IBRD88340,"Other Water Supply, Sanitation and Waste Management; Other Education; Public Administration - Social Protection; Health Facilities and Construction; Health",consulting,,USD,13500.0,Month,9.0,274,Individual Consultant,Panamá,,,1,1,,,,,,Individual Consultant Selection,,,,0,OP00316698,Contract Award,2021/10/08,1.3.2.5.BPA-MINGOB / VMAI-233756-CS-INDV,Support for the National Indigenous Peoples Development Plan,https://projects.worldbank.org/en/projects-operations/procurement-detail/OP00316698
P164257,Jamaica,2024,World Bank,MDB-financed,TFA6559,"Fisheries; Public Administration - Agriculture, Fishing & Forestry",consulting,,USD,50000.0,Month,10.0,305,"MRAG LTD 18 QUEEN STREET, LONDON , W1J 5PN, UK TEL: +44 (0) 20 7255 7797 EMAIL : D.FAHRENHEIM@MRAG.CO.UK",United Kingdom,,,1,1,,,,,,Consultant Qualification  Selection,,,,0,OP00316217,Contract Award,2020/07/30,JM-MICAF-82599-CS-CQS-0,Promoting Community-based Climate Resilience in the Fisheries Sector,https://projects.worldbank.org/en/projects-operations/procurement-detail/OP00316217
P174812,Peru,2024,World Bank,MDB-financed,IBRD92880,Energy Transmission and Distribution; Public Administration - Energy and Extractives,consulting,,USD,167215.0,Day,90.0,90,Individual Consultant,Perú,,,1,1,,,,,,Individual Consultant Selection,,,,0,OP00316216,Contract Award,2024/06/06,PE-MINEM/DGER-378790-CS-INDV,Transmission Investment Plan (PIT) to support Post-COVID-19 Green Economic Recovery in Peru,https://projects.worldbank.org/en/projects-operations/procurement-detail/OP00316216
P164602,Brazil,2024,World Bank,MDB-financed,TFA8532,"Public Administration - Agriculture, Fishing & Forestry; Forestry; Livestock; Agricultural Extension, Research, and Other Support Activities",consulting,,BRL,50873.0,Month,18.0,549,"EVENTOS SENAR/MA, PERÍODO 09/05/2022 A 20/11/2023.",Brazil,,,1,1,,,,,,Request for Quotations,,,,1,OP00314949,Contract Award,2022/05/19,MA BR-SENAR-438767-NC-RFQ,Integrated Landscape Management in the Cerrado Biome Project,https://projects.worldbank.org/en/projects-operations/procurement-detail/OP00314949
P174707,Haiti,2024,World Bank,MDB-financed,IDAD9730,Public Administration - Education; Primary Education,goods,,USD,279790.0,Month,3.0,92,ANDRÉ BOISERIE,Haïti,,,3,0,Haïti,304965.00,Haïti; Haïti; Haïti,USD; USD; USD,351700.00; 323670.00; 304965.00,Request for Quotations,,,,0,OP00254539,Contract Award,2023/10/10,HT-PEQH-375349-GO-RFQ,"Promoting a more Equitable, Sustainable and Safer Education",https://projects.worldbank.org/en/projects-operations/procurement-detail/OP00254539
P164661,Mexico,2024,World Bank,MDB-financed,TFA6533,"Agricultural markets, commercialization and agri-business; Forestry",consulting,,MXN,453096.0,Day,15.0,15,SISTEMAS DE INFORMACIÓN GEOGRÁFICA S.A. DE C.V.,México,,,1,1,,,,,,Direct Selection,,,,0,OP00314688,Contract Award,2024/05/30,MX-CONAFOR-421359-GO-DIR,Strengthening Entrepreneurship in Productive Forest Landscapes,https://projects.worldbank.org/en/projects-operations/procurement-detail/OP00314688
P173872,El Salvador,2024,World Bank,MDB-financed,IBRD94290,Public Administration - Health; Health Facilities and Construction; Health,goods,,USD,130840.15,Day,60.0,60,"GRUPO MANTECH, S.A. DE C.V.",El Salvador,,,1,1,,,,,,Request for Quotations,,,,1,OP00284084,Contract Award,2024/04/09,RECOVID-205-RFQ-GO,El Salvador COVID-19 Emergency Response Project,https://projects.worldbank.org/en/projects-operations/procurement-detail/OP00284084
P162908,Haiti,2024,World Bank,MDB-financed,IDAD7420,"Agricultural Extension, Research, and Other Support Activities; Public Administration - Agriculture, Fishing & Forestry",consulting,,USD,20000.0,Month,2.0,61,Individual Consultant,Haïti,,,1,1,,,,,,Individual Consultant Selection,,,,0,OP00313891,Contract Award,2024/04/01,MARNDR/TPR/CI/QCIN-40/23,Resilient Productive Landscapes in Haiti,https://projects.worldbank.org/en/projects-operations/procurement-detail/OP00313891
P152117,OECS Countries,2024,World Bank,MDB-financed,IBRD87340,"Public Administration - Industry, Trade and Services; Tourism; Ports/Waterways; Public Administration - Transportation; ICT Infrastructure",consulting,,USD,476000.0,Month,18.0,549,INES INGENIEROS CONSULTORES,Spain,,,1,1,,,,,,Direct Selection,,,,0,OP00313324,Contract Award,2023/03/14,GD-PCU - GRENADA-335613-CS-CDS,OECS Regional Tourism Competitiveness,https://projects.worldbank.org/en/projects-operations/procurement-detail/OP00313324
P152281,Bolivia,2024,World Bank,MDB-financed,IBRD86480,Rural and Inter-Urban Roads; Public Administration - Transportation,consulting,,USD,21088.0,Day,138.0,138,Individual Consultant,Bolivia,,,1,1,,,,,,Individual Consultant Selection,,,,1,OP00313105,Contract Award,2024/08/12,BO-ABC-355822-CS-INDV,Santa Cruz Road Corridor Connector Project (San Ignacio - San Jose),https://projects.worldbank.org/en/projects-operations/procurement-detail/OP00313105
P174328,Honduras,2024,World Bank,MDB-financed,IDA69170,"Other Industry, Trade and Services; Agricultural markets, commercialization and agri-business; Public Administration - Industry, Trade and Services",consulting,,USD,115956.0,Month,4.0,122,Individual Consultant,Honduras,,,1,1,,,,,,Individual Consultant Selection,,,,1,OP00312593,Contract Award,2024/09/20,HN-SAG-426612-CS-INDV,Innovation for Rural Competitiveness Project - COMRURAL III,https://projects.worldbank.org/en/projects-operations/procurement-detail/OP00312593
P179746,Chile,2024,World Bank,MDB-financed,TFC3139,Other Energy and Extractives; Public Administration - Energy and Extractives,consulting,,USD,92500.0,Month,34.0,1037,Individual Consultant,Chile,,,1,1,,,,,,Individual Consultant Selection,,,,1,OP00312137,Contract Award,2024/05/31,3.3.1.1,Chile Partnership for Market Implementation,https://projects.worldbank.org/en/projects-operations/procurement-detail/OP00312137
P179210,Caribbean,2024,World Bank,MDB-financed,IDAE2860,Public Administration - Education,consulting,,USD,24000.0,Month,4.0,122,Individual Consultant,St. Lucia,,,1,1,,,,,,Individual Consultant Selection,,,,0,OP00312106,Contract Award,2024/08/08,LC-OECS COMMISSION -426345-CS-INDV,OECS- Skills and Innovation Project,https://projects.worldbank.org/en/projects-operations/procurement-detail/OP00312106
P162833,Peru,2024,World Bank,MDB-financed,IBRD89750,Law and Justice,consulting,,USD,36600.0,Month,7.0,214,Individual Consultant,Perú,,,1,1,,,,,,Individual Consultant Selection,,,,0,OP00311937,Contract Award,2022/07/13,PE-PJ-297507-CS-INDV,Improving the Performance of Non-Criminal Justice Services,https://projects.worldbank.org/en/projects-operations/procurement-detail/OP00311937
P144597,Bolivia,2024,World Bank,MDB-financed,IDA57440,Rural and Inter-Urban Roads; Public Administration - Transportation,consulting,,USD,543600.0,Month,6.0,183,MCLATAM S.A.,Argentina,,,1,1,,,,,,Quality And Cost-Based Selection,,,,0,OP00311155,Contract Award,2024/01/02,BO-ABC-238353-CS-QCBS,BO Road Sector Capacity Development Project,https://projects.worldbank.org/en/projects-operations/procurement-detail/OP00311155
P175616,Latin America and Caribbean,2024,World Bank,MDB-financed,TFB6011,Insurance and Pension,consulting,,USD,601219.3,Month,12.0,366,WILLIS RE INC,United States,,,1,1,,,,,,Request for Quotations,,,,0,OP00310535,Contract Award,2022/05/30,KY-CCRIF SPC-449019-NC-RFQ,Second Central America and Caribbean Catastrophe Risk Insurance Project,https://projects.worldbank.org/en/projects-operations/procurement-detail/OP00310535
P170658,Peru,2024,World Bank,MDB-financed,IBRD90390,Public Administration - Information and Communications Technologies; Other Public Administration; ICT Infrastructure; ICT Services; Other Information and Communications Technologies,goods,,USD,11870714.97,Month,18.0,549,"MOTOROLA SOLUTIONS, INC",Estados Unidos,,,3,0,Canadá,12544383.49,Canadá; Perú; Estados Unidos,USD,12544383.49,Request for Proposals,,,,0,OP00310000,Contract Award,2024/09/04,PE-PRONATEL-366200-GO-RFP,CENTRALIZED EMERGENCY RESPONSE SYSTEM PROJECT,https://projects.worldbank.org/en/projects-operations/procurement-detail/OP00310000
P164389,Mexico,2024,World Bank,MDB-financed,IBRD90490,"Public Administration - Water, Sanitation and Waste Management; Other Water Supply, Sanitation and Waste Management; Water Supply; Sanitation; Renewable Energy Solar; Renewable Energy Hydro",works,,MXN,5501173.19,Day,145.0,145,DR HYDRO SOLUCIONES AGRICOLAS S.A. DE C.V.,México,,,1,1,,,,,,Request for Bids,,,,0,OP00308873,Contract Award,2024/08/09,MX-CONAGUA-312680-CW-RFB,Water Security and Resilience for the Valley of Mexico (PROSEGHIR),https://projects.worldbank.org/en/projects-operations/procurement-detail/OP00308873
P163490,Haiti,2024,World Bank,MDB-financed,IDAD6690,Rural and Inter-Urban Roads; Public Administration - Transportation,consulting,,USD,65000.0,Week,20.0,140,BEJAMIN JADOTTE,Haiti,,,1,1,,,,,,Direct Selection,,,,1,OP00308854,Contract Award,2023/07/07,GG-CE-PARR-006,Haiti Rural Accessibility & Resilience Project,https://projects.worldbank.org/en/projects-operations/procurement-detail/OP00308854
P149522,Belize,2024,World Bank,MDB-financed,TFA2887,Energy Transmission and Distribution; Public Administration - Energy and Extractives,goods,,USD,1541716.99,Month,8.0,244,ANIXTER INC.,United States,,,1,1,,,,,,Request for Bids,,,,0,OP00308819,Contract Award,2024/08/30,BZ-BEL-98765-GO-RFB,Belize Energy Resilience for Climate Adaptation (GEF/SCCF),https://projects.worldbank.org/en/projects-operations/procurement-detail/OP00308819
P165695,Brazil,2024,World Bank,MDB-financed,IBRD89160,Water Supply; Sanitation,works,,BRL,58694492.86,Day,1170.0,1170,SANIT ENGENHARIA,Brazil,,,3,0,Brazil,64066950.33,Brazil; Brazil; Brazil,BRL; BRL; BRL,76902031.08; 86082325.92; 64066950.33,Request for Bids,,,,1,OP00308517,Contract Award,2024/07/15,BR-SABESP-371622-CW-RFB-CORREÇOES,SABESP - IMPROVING WATER SERVICE ACCESS AND SECURITY IN THE METROPOLITAN REGION OF SÃO PAULO PROJEC,https://projects.worldbank.org/en/projects-operations/procurement-detail/OP00308517
P175138,Argentina,2024,World Bank,MDB-financed,IBRD92320,Railways; Public Administration - Transportation,consulting,,USD,15800.0,Day,15.0,15,ESTUDIO VILLARES Y ASOCIADOS S.R.L,Argentina,,,1,1,,,,,,Direct Selection,,,,1,OP00307028,Contract Award,2024/06/14,AR-DGPPSE - ADIF-395730-CS-CDS,Buenos Aires – Mitre Passenger Railway Line Modernization Project,https://projects.worldbank.org/en/projects-operations/procurement-detail/OP00307028
P130682,Brazil,2024,World Bank,MDB-financed,IBRD83530,"Sanitation; Water Supply; Public Administration - Water, Sanitation and Waste Management; Forestry; Sanitation; Water Supply; Public Administration - Water, Sanitation and Waste Management; Forestry",consulting,,BRL,2142900.0,Day,30.0,30,DUALBASE TECNOLOGIA ELETRONICA LTDA,Brasil,,,1,1,,,,,,Request for Bids,,,,0,OP00306543,Contract Award,2022/07/14,SEAMA-1C4,BR Espirito Santo Integrated Sustainable Water Management Project,https://projects.worldbank.org/en/projects-operations/procurement-detail/OP00306543
P105680,Argentina,2024,World Bank,MDB-financed,IBRD92520,"Sanitation; Public Administration - Water, Sanitation and Waste Management; Other Water Supply, Sanitation and Waste Management; Water Supply; Other Transportation; Other Public Administration; Other Water Supply, Sanitation and Waste Management; Central Government (Central Agencies)",consulting,,USD,4000.0,Month,2.0,61,RICARDO CESAR SENESI,Argentina,,,1,1,,,,,,Direct Selection,,,,1,OP00305953,Contract Award,2024/07/30,AR-UCOFI-440339-CS-CDS,Matanza-Riachuelo Basin Sustainable Development Project,https://projects.worldbank.org/en/projects-operations/procurement-detail/OP00305953
P179845,Dominica,2024,World Bank,MDB-financed,,Renewable Energy Geothermal; Renewable Energy Solar,works,,USD,38967765.5,Month,30.0,915,KALPATARU PROJECTS INTERNATIONAL LIMITED,India,,,1,1,India,39696160.71,India,USD,39696160.71,Request for Bids,,,,0,OP00305729,Contract Award,2024/07/18,DM-DGDC-384816-CW-RFB,Dominica Geothermal Risk Mitigation II Project,https://projects.worldbank.org/en/projects-operations/procurement-detail/OP00305729
P159929,Argentina,2024,World Bank,MDB-financed,IBRD87120,Sub-National Government; Public Administration - Financial Sector,consulting,,ARS,14458600.0,Day,30.0,30,LATIN GRÁFICA S.R.L.,Argentina,,,2,0,Argentina,15800000.00,Argentina; Argentina,ARS; ARS,16100000.00; 15800000.00,Request for Quotations,,,,1,OP00305496,Contract Award,2023/10/17,AR-MDTH-375612-NC-RFQ,Integrated Habitat and Housing Project,https://projects.worldbank.org/en/projects-operations/procurement-detail/OP00305496
P178734,El Salvador,2024,World Bank,MDB-financed,IBRD95130,"Water Supply; Public Administration - Water, Sanitation and Waste Management; Sanitation; Other Water Supply, Sanitation and Waste Management",consulting,,USD,30000.0,Day,210.0,210,Individual Consultant,El Salvador,,,1,1,,,,,,Individual Consultant Selection,,,,1,OP00305449,Contract Award,2024/07/23,SV-ANDA-423226-CS-INDV,El Salvador Water Sector Resilience Project,https://projects.worldbank.org/en/projects-operations/procurement-detail/OP00305449
P170846,Dominica,2024,World Bank,MDB-financed,TFB9551,"Tourism; Public Administration - Industry, Trade and Services; Forestry",consulting,,USD,11560.0,Month,25.0,762,LOCHAN & CO. (CHARTERED ACCOUNTANTS,India,,,1,1,,,,,,Direct Selection,,,,0,OP00304375,Contract Award,2024/01/29,DM-MOERMKU-435735-CS-CDS,Leveraging Eco-Tourism for Biodiversity Protection in Dominica,https://projects.worldbank.org/en/projects-operations/procurement-detail/OP00304375
P170329,Argentina,2024,World Bank,MDB-financed,IBRD90070,Social Protection; Energy Transmission and Distribution; Public Administration - Social Protection,consulting,,USD,3321.0,Month,1.0,30,Individual Consultant,Argentina,,,1,1,,,,,,Individual Consultant Selection,,,,1,OP00255481,Contract Award,2023/03/13,AR-DPOMFB-311636-CS-INDV,Social Safety Nets for Vulnerable Populations in the Province of Buenos Aires,https://projects.worldbank.org/en/projects-operations/procurement-detail/OP00255481
P173773,Ecuador,2024,World Bank,MDB-financed,IBRD92280,Public Administration - Health; Health Facilities and Construction; Health,consulting,,USD,252855.45,Day,60.0,60,DHL GLOBAL FORWARDING ECUADOR S.A.,Ecuador,,,1,1,Ecuador,275000.00,Ecuador,USD,275000.00,Request for Quotations,,,,1,OP00304195,Contract Award,2022/09/02,EC-MPH-DFA-312392-NC-RFQ,Ecuador COVID-19 Emergency Response and Vaccination Project,https://projects.worldbank.org/en/projects-operations/procurement-detail/OP00304195
P172339,St Maarten,2024,World Bank,MDB-financed,TFB3014,Social Protection; Public Administration - Social Protection,consulting,,USD,15000.0,Day,8.0,8,KAGO KAGWI & ASSOCIATES,Kenya,,,1,1,,,,,,Direct Selection,,,,0,OP00303876,Contract Award,2021/05/21,SX-VNG INTERNATIONAL-236437-CS-CDS,St Maarten Civil Society Partnership Facility for Resilience Project (CSPFRP),https://projects.worldbank.org/en/projects-operations/procurement-detail/OP00303876
P151604,Mexico,2024,World Bank,MDB-financed,TFA5334,"Forestry; Public Administration - Agriculture, Fishing & Forestry",consulting,,USD,20000.0,Year,1.0,366,Individual Consultant,México,,,1,1,,,,,,Individual Consultant Selection,,,,0,OP00303275,Contract Award,2023/02/03,2023-MX-RA-338731-CS-INDV,Mexico Dedicated Grant Mechanism for IP and LC,https://projects.worldbank.org/en/projects-operations/procurement-detail/OP00303275
P147665,Jamaica,2024,World Bank,MDB-financed,IBRD84080,"Other Industry, Trade and Services; Public Administration - Industry, Trade and Services; Banking Institutions; Agricultural markets, commercialization and agri-business; Other Non-bank Financial Institutions; Other Industry, Trade and Services; Trade",consulting,,USD,528120.0,Month,6.0,183,GAP SRL,Italy,,,1,1,,,,,,Request for Bids,,,,0,OP00302772,Contract Award,2023/11/29,FCG/SER/004-BIS,Jamaica Foundations for Competitiveness and Growth,https://projects.worldbank.org/en/projects-operations/procurement-detail/OP00302772
P123879,Colombia,2024,World Bank,MDB-financed,IBRD83200,Central Government (Central Agencies); Sub-National Government; Central Government (Central Agencies); Sub-National Government,consulting,,USD,25093.0,Month,6.0,183,Individual Consultant,Colombia,,,1,1,,,,,,Individual Consultant Selection,,,,1,OP00302488,Contract Award,2019/12/27,CO-DNP-150144-CS-INDV,Subnational Institutional Strengthening,https://projects.worldbank.org/en/projects-operations/procurement-detail/OP00302488
P173484,Panama,2024,World Bank,MDB-financed,TFB6270,Central Government (Central Agencies),consulting,,PAB,9999.57,Day,30.0,30,"NUEVOS HOTELES DE PANAMÁ, S.A",Panamá,,,1,1,,,,,,Request for Quotations,,,,0,OP00302294,Contract Award,2024/04/25,PA-DGCP-366117-NC-RFQ,Panama Open Contracting and Public Infrastructure Transparency,https://projects.worldbank.org/en/projects-operations/procurement-detail/OP00302294
P175268,Guyana,2024,World Bank,MDB-financed,IDA68020,Public Administration - Health; Health; Health Facilities and Construction,goods,,GYD,24900000.0,Day,90.0,90,MASSY MOTORS GUYANA LIMITED,Guyana,,,1,1,,,,,,Request for Quotations,,,,1,OP00302092,Contract Award,2024/03/28,GY-G-COVID FTO-404940-GO-RFQ,Guyana COVID-19 Emergency Response Project,https://projects.worldbank.org/en/projects-operations/procurement-detail/OP00302092
P129992,Dominica,2024,World Bank,MDB-financed,IDA63140,"Other Transportation; Other Water Supply, Sanitation and Waste Management; Water Supply; Other Public Administration; Other Transportation; Other Water Supply, Sanitation and Waste Management; Water Supply; Other Public Administration",consulting,,USD,36000.0,Year,1.0,366,Individual Consultant,Dominica,,,1,1,,,,,,Individual Consultant Selection,,,,1,OP00300895,Contract Award,2024/07/08,DM-CSU-435650-CS-INDV,Third Phase Disaster Vuln.Reduction APL for Dominica,https://projects.worldbank.org/en/projects-operations/procurement-detail/OP00300895
P154253,St. Vincent and the Grenadines,2024,World Bank,MDB-financed,IDA60600,Public Administration - Education; Workforce Development and Vocational Education; Social Protection; Public Administration - Social Protection; Primary Education; Secondary Education,consulting,,USD,17000.0,Month,8.0,244,Individual Consultant,St. Vincent and the Grenadines,,,1,1,,,,,,Individual Consultant Selection,,,,1,OP00298585,Contract Award,2023/05/18,SVG-HDSD-CS-INDV-84,Human Development Service Delivery  Project,https://projects.worldbank.org/en/projects-operations/procurement-detail/OP00298585
P146965,Jamaica,2024,World Bank,MDB-financed,IBRD85810,"Other Public Administration; Rural and Inter-Urban Roads; Other Water Supply, Sanitation and Waste Management; Other Transportation; Other Public Administration; Rural and Inter-Urban Roads; Other Water Supply, Sanitation and Waste Management; Other Transportation",works,,JMD,197433949.86,Month,6.0,183,S&G ROAD SURFACING MATERIALS LIMITED,Jamaica,,,1,1,,,,,,Direct Selection,,,,1,OP00296873,Contract Award,2024/03/26,RR - 29,Jamaica Disaster Vulnerability Reduction Project,https://projects.worldbank.org/en/projects-operations/procurement-detail/OP00296873
P168951,Haiti,2024,World Bank,MDB-financed,IDAD5630,Sub-National Government; Urban Transport; Rural and Inter-Urban Roads,consulting,,USD,18000.0,Month,11.0,336,NELSON DESHOMMES,Haïti,,,1,1,,,,,,Direct Selection,,,,0,OP00296291,Contract Award,2023/10/23,INDV-001-CHUD/2023,Cap Haitien Urban Development Project,https://projects.worldbank.org/en/projects-operations/procurement-detail/OP00296291
P169134,Brazil,2024,World Bank,MDB-financed,IBRD90690,Rural and Inter-Urban Roads; Urban Transport; Public Administration - Transportation; Other Transportation,consulting,,USD,31000.0,Day,270.0,270,Individual Consultant,Brasil,,,1,1,,,,,,Individual Consultant Selection,,,,0,OP00294844,Contract Award,2024/03/16,BR-SMOBI-365679-CS-INDV,Improving Mobility and Urban Inclusion in the Amazonas Corridor in Belo Horizonte,https://projects.worldbank.org/en/projects-operations/procurement-detail/OP00294844
P157425,Ecuador,2024,World Bank,MDB-financed,IBRD86670,Tertiary Education; Public Administration - Education,consulting,,USD,43000.0,Day,60.0,60,PRICEWATERHOUSE COOPERS PWC,Ecuador,,,1,1,,,,,,Direct Selection,,,,1,OP00294103,Contract Award,2020/03/12,EC-SENESCYT-120353-CS-QCBS,Transformation of the Tertiary Technical and Technological Institutes Project,https://projects.worldbank.org/en/projects-operations/procurement-detail/OP00294103
P148737,Honduras,2024,World Bank,MDB-financed,"TF17904, TFB6211","Other Agriculture, Fishing and Forestry; Irrigation and Drainage; Health; Agricultural markets, commercialization and agri-business; Other Agriculture, Fishing and Forestry; Irrigation and Drainage; Public Administration - Agriculture, Fishing & Forestry; Health; Agricultural markets, commercialization and agri-business",consulting,,USD,18200.0,Month,12.0,366,GLADYS MARITZA DÍAS ÁLVREZ,Honduras,,,1,1,,,,,,Direct Selection,,,,1,OP00293388,Contract Award,2023/06/30,HN-SAG-369325-CS-CDS,Corredor Seco Food Security Project,https://projects.worldbank.org/en/projects-operations/procurement-detail/OP00293388
P164453,Bolivia,2024,World Bank,MDB-financed,IBRD88680,Public Administration - Health; Health; Health Facilities and Construction,consulting,,USD,121953.21,Day,180.0,180,BIFROST S.R.L.,Bolivia,,,1,1,,,,,,Quality And Cost-Based Selection,,,,1,OP00290892,Contract Award,2022/12/15,BM-REDES-CP-004/2022,Health Service Delivery Network Project,https://projects.worldbank.org/en/projects-operations/procurement-detail/OP00290892
P163345,Argentina,2024,World Bank,MDB-financed,IBRD88530,Health; Public Administration - Health,consulting,,USD,216277.0,Month,24.0,732,INTERNATIONAL HEALTH TERMINOLOGY STANDARS DEVELOPMENT ORGANISATION,United Kingdom,,,1,1,,,,,,Direct Selection,,,,0,OP00290828,Contract Award,2024/05/10,AR-MSAL-364589-NC-DIR,Supporting Effective Universal Health Coverage in Argentina,https://projects.worldbank.org/en/projects-operations/procurement-detail/OP00290828
P155201,Haiti,2024,World Bank,MDB-financed,IDAD2200,"Sub-National Government; Other Water Supply, Sanitation and Waste Management",consulting,,USD,4000000.0,Month,15.0,458,PAN AMERICAN DEVEL. FOUNDATION-PADF,Haïti,,,1,1,,,,,,Direct Selection,,,,0,OP00290452,Contract Award,2024/01/15,HT-UCP/MICT-395720-CS-CDS,Municipal Development and Urban Resilience Project,https://projects.worldbank.org/en/projects-operations/procurement-detail/OP00290452
P166783,St. Lucia,2024,World Bank,MDB-financed,IDA63160,ICT Infrastructure; Public Administration - Health; Health; Health Facilities and Construction,goods,,USD,182915.25,Month,6.0,183,CEDI EUROPE BV,Netherlands,,,5,0,Jamaica,304732.00,Jamaica; United States; St. Lucia; St. Lucia; St. Lucia,USD; USD; USD; USD; USD,304732.00; 304999.00; 1551816.30; 1092324.74; 470242.00,Request for Bids,,,,0,OP00289652,Contract Award,2024/05/07,SLU_HSSP_OPHTH_EQUIP_RFB,Saint Lucia Health System Strengthening Project,https://projects.worldbank.org/en/projects-operations/procurement-detail/OP00289652
P173743,Haiti,2024,World Bank,MDB-financed,IDAD8750,Capital Markets; Public Administration - Financial Sector,consulting,,USD,3000000.0,Year,3.0,1098,A2F CONSULTING,États-Unis,,,1,1,,,,,,Quality And Cost-Based Selection,,,,0,OP00289385,Contract Award,2024/04/24,HT-UCP/MEF-278392-CS-QCBS,Private Sector Jobs and Economic Transformation (PSJET),https://projects.worldbank.org/en/projects-operations/procurement-detail/OP00289385
P165683,Brazil,2024,World Bank,MDB-financed,IBRD89310,"Public Administration - Water, Sanitation and Waste Management; Water Supply; Sanitation",works,,BRL,102990027.22,Month,20.0,610,ALITER CONSTRUÇÕES E SANEAMENTO LTDA,Brasil,,,1,1,,,,,,Request for Bids,,,,0,OP00287142,Contract Award,2023/11/28,BR-SEIRHMA-311574-CW-RFB (CONTINUACAO),Paraiba Improving Water Resources Management and Services Provision,https://projects.worldbank.org/en/projects-operations/procurement-detail/OP00287142
P167767,Honduras,2024,World Bank,MDB-financed,TFB1371,Public Administration - Social Protection; Fisheries; Social Protection; Forestry; Livestock,goods,,HNL,9900.02,Month,12.0,366,SYCOM S.A. DE C.V.,Honduras,,,1,1,,,,,,Request for Quotations,,,,1,OP00286222,Contract Award,2021/07/15,HN-FAA-195346-GO-RFQ,Improving the Livelihoods of Miskito Indigenous Peoples in La Moskitia,https://projects.worldbank.org/en/projects-operations/procurement-detail/OP00286222
P170595,Peru,2024,World Bank,MDB-financed,IBRD90400,Urban Transport; Sanitation; Public Administration - Transportation,consulting,,USD,3213.0,Day,25.0,25,CESPEDES CARPIO FREDY JORGE,Peru,,,1,1,,,,,,Direct Selection,,,,1,OP00285244,Contract Award,2024/04/05,PE-EMAPE-421501-CS-INDV,Lima Metropolitano BRT North Extension,https://projects.worldbank.org/en/projects-operations/procurement-detail/OP00285244
P149872,Mexico,2024,World Bank,MDB-financed,IBRD85940,Other Energy and Extractives; Public Administration - Energy and Extractives; Other Energy and Extractives; Public Administration - Energy and Extractives,consulting,,USD,260668.61,Month,3.0,92,Individual Consultant,Mexico,,,1,1,,,,,,Individual Consultant Selection,,,,1,OP00284337,Contract Award,2017/12/06,SENER-DGESE-CI-CD-2017-01,Energy Efficiency in Public Facilities Project (PRESEMEH),https://projects.worldbank.org/en/projects-operations/procurement-detail/OP00284337
P175143,Argentina,2024,World Bank,MDB-financed,IBRD94340,"Other Industry, Trade and Services; Public Administration - Industry, Trade and Services",consulting,,USD,10500.0,Month,12.0,366,Individual Consultant,Argentina,,,1,1,,,,,,Individual Consultant Selection,,,,1,OP00283330,Contract Award,2023/05/23,AR-MINCYT-354035-CS-INDV,Innovation Program for Smart Growth (PINCRI),https://projects.worldbank.org/en/projects-operations/procurement-detail/OP00283330
P172951,Grenada,2024,World Bank,MDB-financed,IDA66420,Aviation; Public Administration - Transportation,consulting,,USD,200000.0,Month,4.0,122,NACO (NETHERLAND AIRPORT CONS),Netherlands,,,1,1,,,,,,Consultant Qualification  Selection,,,,0,OP00248592,Contract Award,2022/08/31,GD-MOIID-215989-CS-CQS,Grenada - Caribbean Regional Air Transport Connectivity,https://projects.worldbank.org/en/projects-operations/procurement-detail/OP00248592
P121495,Brazil,2024,World Bank,MDB-financed,IBRD81850,Rural and Inter-Urban Roads; Sub-National Government; Public Administration - Education; Public Administration - Transportation; Other Transportation; Roads and highways; Sub-National Government; Other Public Administration; Other Education,works,,BRL,6012440.43,Day,120.0,120,EHL-ELETRO HIDRO LTDA,Brazil,,,1,1,Brazil,"5,396,018,760.00",Brazil,BRL,"5,396,018,760.00",Request for Bids,,,,1,OP00278160,Contract Award,2020/11/24,632,Tocantins Integrated Sustainable Regional Development,https://projects.worldbank.org/en/projects-operations/procurement-detail/OP00278160
P172592,Belize,2024,World Bank,MDB-financed,IBRD93470,"Agricultural Extension, Research, and Other Support Activities; Public Administration - Agriculture, Fishing & Forestry",goods,,BZD,42000.0,Month,12.0,366,MOTOR SOLUTIONS,Belize,,,1,1,,,,,,Request for Quotations,,,,1,OP00276580,Contract Award,2023/10/10,GO09,Climate Resilient and Sustainable Agriculture Project,https://projects.worldbank.org/en/projects-operations/procurement-detail/OP00276580
P180456,Argentina,2024,World Bank,MDB-financed,IBRD95870,Capital Markets; Banking Institutions; Public Administration - Financial Sector,goods,,USD,70058.0,Day,120.0,120,WISE AND SMART SOLUTIONS SOCIEDAD DE RESPONSABILIDAD LIMITADA,Argentina,,,1,1,,,,,,Request for Quotations,,,,1,OP00275714,Contract Award,2024/01/29,AR-BICE-375886-GO-RFQ,"Access to Sustainable Finance for Micro, Small and Medium Enterprises Project",https://projects.worldbank.org/en/projects-operations/procurement-detail/OP00275714
P132515,Peru,2024,World Bank,MDB-financed,IBRD85620,Rural and Inter-Urban Roads; Public Administration - Transportation,goods,,PEN,2322166.0,Day,30.0,30,INKA LIDER AUTOMOTRIZ S.A,Peru,,,1,1,,,,,,Request for Bids,,,,1,OP00275150,Contract Award,2023/11/29,PE-PROVIAS-367266-GO-RFB,Support to the Subnational Transport Program Project,https://projects.worldbank.org/en/projects-operations/procurement-detail/OP00275150
P133288,Argentina,2024,World Bank,MDB-financed,IBRD84840,Renewable Energy Solar; Renewable Energy Solar,consulting,,USD,3998.0,Month,2.0,61,Individual Consultant,Argentina,,,1,1,,,,,,Individual Consultant Selection,,,,1,OP00274382,Contract Award,2023/10/26,AR-SE-384650-CS-INDV,Argentina Renewable Energy for Rural Areas Project,https://projects.worldbank.org/en/projects-operations/procurement-detail/OP00274382
P177679,St Maarten,2024,World Bank,MDB-financed,TFC1500,Public Administration - Health; Health Facilities and Construction; Health,consulting,,USD,180000.0,Month,18.0,549,Individual Consultant,St Maarten,,,1,1,,,,,,Individual Consultant Selection,,,,1,OP00274140,Contract Award,2024/01/23,SX-NRPB-343911-CS-INDV,Improving Mental Health Services in Sint Maarten,https://projects.worldbank.org/en/projects-operations/procurement-detail/OP00274140
P162316,Argentina,2024,World Bank,MDB-financed,IBRD88670,"Public Administration - Agriculture, Fishing & Forestry; Agricultural Extension, Research, and Other Support Activities; ICT Infrastructure; Irrigation and Drainage",goods,,USD,127399.5,Day,90.0,90,OMIXOM S.R.L.,Argentina,,,1,1,,,,,,Direct Selection,,,,1,OP00272888,Contract Award,2023/11/14,AR-UCAR-378739-GO-DIR,Integrated Risk Management in the Rural Agroindustrial System,https://projects.worldbank.org/en/projects-operations/procurement-detail/OP00272888
P163531,Nicaragua,2024,World Bank,MDB-financed,IDA61980,"Sub-National Government; Public Administration - Agriculture, Fishing & Forestry",consulting,,USD,20000.0,Month,4.0,122,Individual Consultant,Nicaragua,,,1,1,,,,,,Individual Consultant Selection,,,,1,OP00271384,Contract Award,2023/05/08,NI-PGR-351523-CS-INDV,Nicaragua Property Rights Strengthening Project,https://projects.worldbank.org/en/projects-operations/procurement-detail/OP00271384
P177210,Haiti,2024,World Bank,MDB-financed,IDAE0440,Urban Transport; Rural and Inter-Urban Roads; Public Administration - Transportation,works,,USD,2087578.66,Month,7.0,214,MULENG,Hati,,,6,0,Hati,2095905.00,Hati; Hati; Hati; Hati; Hati; Hati,USD; USD; USD; USD; USD,3761413.04; 3542174.12; 2219399.18; 2095905.00; 2309902.81,Request for Bids,,,,0,OP00271423,Contract Award,2024/01/24,AON-005-RUTAP/2023,Resilient connectivity and  Urban Transport Accessibility Project,https://projects.worldbank.org/en/projects-operations/procurement-detail/OP00271423
P156719,Haiti,2024,World Bank,MDB-financed,IDAD7300,Energy Transmission and Distribution; Public Administration - Energy and Extractives; Renewable Energy Solar,consulting,,USD,16620.0,Month,12.0,366,ODYSSEY ENERGY SOLUTIONS INC,tats-Unis,,,1,1,,,,,,Direct Selection,,,,0,OP00268708,Contract Award,2023/11/23,DIR-NC-01-23-P156719,Haiti: Renewable Energy for All,https://projects.worldbank.org/en/projects-operations/procurement-detail/OP00268708
P173823,Nicaragua,2024,World Bank,MDB-financed,IDA71400,Health Facilities and Construction,consulting,,USD,53000000.0,Month,18.0,549,PAN AMERICAN HEALTH ORGANISATION (PAHO),Todo el mundo,,,1,1,,,,,,Direct Selection,,,,0,OP00269899,Contract Award,2024/01/23,NI-MINSA-383005-CS-CDS,Nicaragua COVID-19 Response,https://projects.worldbank.org/en/projects-operations/procurement-detail/OP00269899
P163255,Peru,2024,World Bank,MDB-financed,IBRD89200,Health; ICT Services; Health Facilities and Construction,consulting,,USD,10000.0,Day,90.0,90,Individual Consultant,Per,,,1,1,,,,,,Individual Consultant Selection,,,,0,OP00269238,Contract Award,2023/08/24,PE-PRONIS-345683-CS-INDV-BIS,Peru Integrated Health Networks,https://projects.worldbank.org/en/projects-operations/procurement-detail/OP00269238
P126452,Brazil,2024,World Bank,MDB-financed,IBRD82760,"Other Agriculture, Fishing and Forestry; Sub-National Government; Other Education; Health; Public Administration - Social Protection; Irrigation and Drainage; Other Agriculture, Fishing and Forestry; Public Administration - Information and Communications Technologies; Other Education; Health",goods,,BRL,322000.0,Day,60.0,60,QUALIPIX TECNOLOGIA EM EQUIPAMENTOS AUDIOVISUAIS EIRELI-ME,Brasil,,,2,0,Brasil,362500.00,Brasil; Brasil,BRL; BRL,362500.00; 374000.00,Request for Quotations,,,,0,OP00267703,Contract Award,2023/12/21,ID 320 GO,Rio Grande do Norte: Regional Development and Governance,https://projects.worldbank.org/en/projects-operations/procurement-detail/OP00267703
